{"name": "moveLegFront", "speedRate": 1.42, "interpolator": "linear", "steps": [{"neckYaw": 0.0, "neckPitch": 0.0, "leftShoulderPitch": 0.890553638, "leftShoulderYaw": -0.0250250322, "leftArmRoll": 0.024766427, "leftArmYaw": 0.0, "leftHipYawpitch": 0.0288113114, "leftHipRoll": 0.240604949, "leftHipPitch": 0.680102061, "leftKneePitch": 2.6011908, "leftFootPitch": 0.869551332, "leftFootRoll": -0.200213479, "rightShoulderPitch": 0.830976588, "rightShoulderYaw": 0.0490691585, "rightArmRoll": 0.00515074522, "rightArmYaw": 0.0, "rightHipYawpitch": -0.880185561, "rightHipRoll": 0.187316186, "rightHipPitch": 0.00903186027, "rightKneePitch": -0.0174281933, "rightFootPitch": -0.0221153561, "rightFootRoll": -0.20584832, "delta": 0.281155224}, {"neckYaw": 0.0, "neckPitch": 0.0, "leftShoulderPitch": 2.08548182, "leftShoulderYaw": 0.0131628933, "leftArmRoll": -0.0123953092, "leftArmYaw": 0.0, "leftHipYawpitch": -0.0237440304, "leftHipRoll": 0.173779257, "leftHipPitch": -1.57328605, "leftKneePitch": -0.0144575437, "leftFootPitch": 0.137754018, "leftFootRoll": -0.219453012, "rightShoulderPitch": 2.09052204, "rightShoulderYaw": -0.0091381155, "rightArmRoll": 0.000537288429, "rightArmYaw": 0.0, "rightHipYawpitch": -0.00732652998, "rightHipRoll": 0.224178415, "rightHipPitch": 0.177271107, "rightKneePitch": 0.549581712, "rightFootPitch": 0.173107037, "rightFootRoll": -0.185974064, "delta": 0.0996235758}, {"neckYaw": 0.0, "neckPitch": 0.0, "leftShoulderPitch": 2.62064617, "leftShoulderYaw": -0.0391859333, "leftArmRoll": 0.00656911539, "leftArmYaw": 0.0, "leftHipYawpitch": 0.679820318, "leftHipRoll": 0.220395925, "leftHipPitch": -1.56871132, "leftKneePitch": -0.01762773, "leftFootPitch": -0.712807983, "leftFootRoll": -0.225902719, "rightShoulderPitch": 2.59068447, "rightShoulderYaw": -0.00985393005, "rightArmRoll": -0.0556766091, "rightArmYaw": 0.0, "rightHipYawpitch": -0.0184282286, "rightHipRoll": 0.19168703, "rightHipPitch": 0.516135779, "rightKneePitch": 1.0611192, "rightFootPitch": 0.539576073, "rightFootRoll": -0.200084059, "delta": 0.00376910672}, {"neckYaw": 0.0, "neckPitch": 0.0, "leftShoulderPitch": 2.61474345, "leftShoulderYaw": 0.000814522038, "leftArmRoll": -0.0126754723, "leftArmYaw": 0.0, "leftHipYawpitch": 0.725897696, "leftHipRoll": 0.182220461, "leftHipPitch": -1.58713255, "leftKneePitch": -0.00888115831, "leftFootPitch": -0.707102025, "leftFootRoll": -0.178018751, "rightShoulderPitch": 2.63853757, "rightShoulderYaw": -0.0146457793, "rightArmRoll": -0.00528957161, "rightArmYaw": 0.0, "rightHipYawpitch": -0.00364047336, "rightHipRoll": 0.261043607, "rightHipPitch": 0.521617633, "rightKneePitch": 1.03707188, "rightFootPitch": 0.541498381, "rightFootRoll": -0.192835313, "delta": 0.507019205}]}