{"name": "moveLegBack", "speedRate": 8, "interpolator": "spline", "steps": [{"neckYaw": 0.0, "neckPitch": 0.0, "leftShoulderPitch": 0.882804417, "leftShoulderYaw": 0.0359828274, "leftArmRoll": 0.0237517612, "leftArmYaw": 0.0, "leftHipYawpitch": -0.00933257815, "leftHipRoll": 0.217956448, "leftHipPitch": -0.509241258, "leftKneePitch": 3.2808752, "leftFootPitch": -1.58416802, "leftFootRoll": -0.177706058, "rightShoulderPitch": 0.884241568, "rightShoulderYaw": 0.0266077246, "rightArmRoll": -4.85353262e-06, "rightArmYaw": 0.0, "rightHipYawpitch": 0.00569404576, "rightHipRoll": 0.198897256, "rightHipPitch": -0.468254232, "rightKneePitch": 0.820829622, "rightFootPitch": -0.570258988, "rightFootRoll": -0.198176938, "delta": 0.703684525}, {"neckYaw": 0.0, "neckPitch": 0.0, "leftShoulderPitch": 0.85204039, "leftShoulderYaw": -0.0294444351, "leftArmRoll": 0.021012365, "leftArmYaw": 0.0, "leftHipYawpitch": -0.0062999686, "leftHipRoll": 0.209778693, "leftHipPitch": 0.680650185, "leftKneePitch": 2.59726534, "leftFootPitch": 0.87758521, "leftFootRoll": -0.19751234, "rightShoulderPitch": 0.902639421, "rightShoulderYaw": -0.00844163029, "rightArmRoll": 0.0288208731, "rightArmYaw": 0.0, "rightHipYawpitch": -0.871183067, "rightHipRoll": 0.232312504, "rightHipPitch": 0.0199895992, "rightKneePitch": 0.0429889505, "rightFootPitch": -0.0188855508, "rightFootRoll": -0.186242053, "delta": 0.935112079}, {"neckYaw": 0.0, "neckPitch": 0.0, "leftShoulderPitch": 0.88354244, "leftShoulderYaw": 0.0259505497, "leftArmRoll": 0.0104713854, "leftArmYaw": 0.0, "leftHipYawpitch": -0.0400224552, "leftHipRoll": 0.153443657, "leftHipPitch": 0.728074331, "leftKneePitch": 2.61387386, "leftFootPitch": 0.878623877, "leftFootRoll": -0.240671338, "rightShoulderPitch": 0.907322345, "rightShoulderYaw": -0.00802968471, "rightArmRoll": 0.0331106845, "rightArmYaw": 0.0, "rightHipYawpitch": -0.840735542, "rightHipRoll": 0.204889634, "rightHipPitch": 0.00670190063, "rightKneePitch": -0.00625328006, "rightFootPitch": -0.0229024724, "rightFootRoll": -0.201666839, "delta": 0.285163944}]}