{"name": "prepFrontKickFast", "speedRate": 1.02668, "interpolator": "linear", "steps": [{"neckYaw": 0.0, "neckPitch": 0.0, "leftShoulderPitch": 1.53631065, "leftShoulderYaw": 0.346122177, "leftArmRoll": -1.56836241, "leftArmYaw": 0.0, "leftHipYawpitch": -0.000320712072, "leftHipRoll": -0.0456932721, "leftHipPitch": -0.488529181, "leftKneePitch": 1.39355391, "leftFootPitch": -0.914368508, "leftFootRoll": 0.0262841648, "rightShoulderPitch": 1.53897137, "rightShoulderYaw": -0.359347355, "rightArmRoll": 1.59103348, "rightArmYaw": 0.0, "rightHipYawpitch": -0.0214694162, "rightHipRoll": 0.0626997193, "rightHipPitch": -0.464609377, "rightKneePitch": 1.39648039, "rightFootPitch": -0.943997902, "rightFootRoll": -0.0278992815, "delta": 0.49758608}, {"neckYaw": 0.0, "neckPitch": 0.0, "leftShoulderPitch": 1.58226599, "leftShoulderYaw": 0.0124055635, "leftArmRoll": 0.0207424606, "leftArmYaw": 0.0, "leftHipYawpitch": -0.0292163971, "leftHipRoll": 0.00118321333, "leftHipPitch": 0.00168628168, "leftKneePitch": 0.00379865686, "leftFootPitch": -0.0207816451, "leftFootRoll": -0.00643268008, "rightShoulderPitch": 1.54924676, "rightShoulderYaw": 0.0101271123, "rightArmRoll": -0.0320282319, "rightArmYaw": 0.0, "rightHipYawpitch": 0.00188137585, "rightHipRoll": -0.0114155296, "rightHipPitch": -0.00119464706, "rightKneePitch": -0.00284520176, "rightFootPitch": -0.0222486535, "rightFootRoll": 0.0351204397, "delta": -0.0192661056}, {"neckYaw": 0.0, "neckPitch": 0.0, "leftShoulderPitch": 1.56758709, "leftShoulderYaw": -0.0196418554, "leftArmRoll": -0.0127048752, "leftArmYaw": 0.0, "leftHipYawpitch": -0.000901998274, "leftHipRoll": 0.21493583, "leftHipPitch": -0.00974296265, "leftKneePitch": 0.000104280013, "leftFootPitch": -0.00777328031, "leftFootRoll": -0.240641933, "rightShoulderPitch": 1.54984786, "rightShoulderYaw": 0.0443492638, "rightArmRoll": 0.0176795064, "rightArmYaw": 0.0, "rightHipYawpitch": -0.00756354584, "rightHipRoll": 0.204656412, "rightHipPitch": 0.0389613677, "rightKneePitch": -0.0400603443, "rightFootPitch": 0.00584126668, "rightFootRoll": -0.204498051, "delta": 0.0460407512}, {"neckYaw": 0.0, "neckPitch": 0.0, "leftShoulderPitch": 0.859550767, "leftShoulderYaw": -0.0168622808, "leftArmRoll": -0.0470063172, "leftArmYaw": 0.0, "leftHipYawpitch": 0.0111666043, "leftHipRoll": 0.224409636, "leftHipPitch": -0.470191248, "leftKneePitch": 3.26978997, "leftFootPitch": -1.58560964, "leftFootRoll": -0.195168168, "rightShoulderPitch": 0.842117893, "rightShoulderYaw": 0.00747484116, "rightArmRoll": -0.00714711427, "rightArmYaw": 0.0, "rightHipYawpitch": 0.00472348233, "rightHipRoll": 0.210247937, "rightHipPitch": -0.48937908, "rightKneePitch": 0.824264025, "rightFootPitch": -0.539474014, "rightFootRoll": -0.188013617, "delta": 0.00605859228}]}