{
  "name" : "GetUpFromHockey",
  "speedRate" : 1,
  "interpolator" : "linear",
  "steps" : [
    {
      "neckYaw" : 0.0,
      "neckPitch" : 0.0,
      "leftShoulderPitch" : -0.0,
      "leftShoulderYaw" : 0.0,
      "leftArmRoll" : 0.0,
      "leftArmYaw" : 0.0,
      "leftHipYawpitch" : 1.0471975511965976,
      "leftHipRoll" : 0.7853981633974483,
      "leftHipPitch" : -1.7453292519943295,
      "leftKneePitch" : 2.0943951023931953,
      "leftFootPitch" : -0.7853981633974483,
      "leftFootRoll" : -0.7853981633974483,
      "rightShoulderPitch" : -0.0,
      "rightShoulderYaw" : 0.0,
      "rightArmRoll" : 0.0,
      "rightArmYaw" : 0.0,
      "rightHipYawpitch" : -1.0471975511965976,
      "rightHipRoll" : -0.7853981633974483,
      "rightHipPitch" : -1.7453292519943295,
      "rightKneePitch" : 2.0943951023931953,
      "rightFootPitch" : -0.7853981633974483,
      "rightFootRoll" : 0.7853981633974483,
      "delta" : 0.2
    },
    {
      "neckYaw" : 0.0,
      "neckPitch" : 0.0,
      "leftShoulderPitch" : -0.0,
      "leftShoulderYaw" : 0.0,
      "leftArmRoll" : 0.0,
      "leftArmYaw" : 0.0,
      "leftHipYawpitch" : 1.0471975511965976,
      "leftHipRoll" : 0.7853981633974483,
      "leftHipPitch" : -1.7453292519943295,
      "leftKneePitch" : 2.2689280275926285,
      "leftFootPitch" : -0.7853981633974483,
      "leftFootRoll" : -0.7853981633974483,
      "rightShoulderPitch" : -0.0,
      "rightShoulderYaw" : 0.0,
      "rightArmRoll" : 0.0,
      "rightArmYaw" : 0.0,
      "rightHipYawpitch" : -1.0471975511965976,
      "rightHipRoll" : -0.7853981633974483,
      "rightHipPitch" : -1.7453292519943295,
      "rightKneePitch" : 2.2689280275926285,
      "rightFootPitch" : -0.7853981633974483,
      "rightFootRoll" : 0.7853981633974483,
      "delta" : 0.3
    },
    {
      "neckYaw" : 0.0,
      "neckPitch" : 0.0,
      "leftShoulderPitch" : 1.5707963267948966,
      "leftShoulderYaw" : 0.0,
      "leftArmRoll" : 0.0,
      "leftArmYaw" : 0.0,
      "leftHipYawpitch" : -0.0,
      "leftHipRoll" : 0.0,
      "leftHipPitch" : -0.49637163926718736,
      "leftKneePitch" : 0.8086110424489729,
      "leftFootPitch" : -0.5410520681182421,
      "leftFootRoll" : 0.0,
      "rightShoulderPitch" : 1.5707963267948966,
      "rightShoulderYaw" : 0.0,
      "rightArmRoll" : 0.0,
      "rightArmYaw" : 0.0,
      "rightHipYawpitch" : 0.0,
      "rightHipRoll" : 0.0,
      "rightHipPitch" : -0.49637163926718736,
      "rightKneePitch" : 0.8086110424489729,
      "rightFootPitch" : -0.5410520681182421,
      "rightFootRoll" : 0.0,
      "delta" : 0.3
    }
  ]
}