{
  "name" : "GoalieHockeyGround",
  "speedRate" : 0.5,
  "interpolator" : "linear",
  "steps" : [
    {
      "neckYaw" : 0.0,
      "neckPitch" : 0.0,
      "leftShoulderPitch" : -1.3962634015954636,
      "leftShoulderYaw" : 0.0,
      "leftArmRoll" : 0.0,
      "leftArmYaw" : 0.0,
      "leftHipYawpitch" : 0.0,
      "leftHipRoll" : 0.0,
      "leftHipPitch" : -1.7453292519943295,
      "leftKneePitch" : 2.0943951023931953,
      "leftFootPitch" : -0.7853981633974483,
      "leftFootRoll" : 0.0,
      "rightShoulderPitch" : -1.3962634015954636,
      "rightShoulderYaw" : 0.0,
      "rightArmRoll" : 0.0,
      "rightArmYaw" : 0.0,
      "rightHipYawpitch" : 0.0,
      "rightHipRoll" : 0.0,
      "rightHipPitch" : -1.7453292519943295,
      "rightKneePitch" : 2.0943951023931953,
      "rightFootPitch" : -0.7853981633974483,
      "rightFootRoll" : 0.0,
      "delta" : 0.1
    },
    {
      "neckYaw" : 0.0,
      "neckPitch" : 0.0,
      "leftShoulderPitch" : -0.8726646259971648,
      "leftShoulderYaw" : 0.0,
      "leftArmRoll" : 0.0,
      "leftArmYaw" : 0.0,
      "leftHipYawpitch" : 1.0471975511965976,
      "leftHipRoll" : 0.7853981633974483,
      "leftHipPitch" : -1.7453292519943295,
      "leftKneePitch" : 2.0943951023931953,
      "leftFootPitch" : -0.7853981633974483,
      "leftFootRoll" : -0.7853981633974483,
      "rightShoulderPitch" : -0.8726646259971648,
      "rightShoulderYaw" : 0.0,
      "rightArmRoll" : 0.0,
      "rightArmYaw" : 0.0,
      "rightHipYawpitch" : -1.0471975511965976,
      "rightHipRoll" : -0.7853981633974483,
      "rightHipPitch" : -1.7453292519943295,
      "rightKneePitch" : 2.0943951023931953,
      "rightFootPitch" : -0.7853981633974483,
      "rightFootRoll" : 0.7853981633974483,
      "delta" : 0.1
    },
    {
      "neckYaw" : 0.0,
      "neckPitch" : 0.0,
      "leftShoulderPitch" : -0.8726646259971648,
      "leftShoulderYaw" : 0.0,
      "leftArmRoll" : 0.0,
      "leftArmYaw" : 0.0,
      "leftHipYawpitch" : 1.5707963267948966,
      "leftHipRoll" : 0.7853981633974483,
      "leftHipPitch" : -1.7453292519943295,
      "leftKneePitch" : 1.7453292519943295,
      "leftFootPitch" : 0.7853981633974483,
      "leftFootRoll" : -0.4363323129985824,
      "rightShoulderPitch" : -0.8726646259971648,
      "rightShoulderYaw" : 0.0,
      "rightArmRoll" : 0.0,
      "rightArmYaw" : 0.0,
      "rightHipYawpitch" : -1.5707963267948966,
      "rightHipRoll" : -0.7853981633974483,
      "rightHipPitch" : -1.7453292519943295,
      "rightKneePitch" : 1.7453292519943295,
      "rightFootPitch" : 0.7853981633974483,
      "rightFootRoll" : 0.4363323129985824,
      "delta" : 1.0
    }
  ]
}