{
  "name" : "New5mKickLeft2ZMP",
  "speedRate" : 1,
  "interpolator" : "linear",
  "steps" : [
    {
      "neckYaw" : 0.0,
      "neckPitch" : 0.0,
      "leftShoulderPitch" : 0.0,
      "leftShoulderYaw" : 0.0,
      "leftArmRoll" : 0.0,
      "leftArmYaw" : 0.0,
      "leftHipYawpitch" : 0.0,
      "leftHipRoll" : 0.0,
      "leftHipPitch" : 0.0,
      "leftKneePitch" : 0.0,
      "leftFootPitch" : 0.0,
      "leftFootRoll" : 0.0,
      "rightShoulderPitch" : 0.0,
      "rightShoulderYaw" : 0.0,
      "rightArmRoll" : 0.0,
      "rightArmYaw" : 0.0,
      "rightHipYawpitch" : 0.0,
      "rightHipRoll" : 0.0,
      "rightHipPitch" : 0.0,
      "rightKneePitch" : 0.0,
      "rightFootPitch" : 0.0,
      "rightFootRoll" : 0.0,
      "delta" : 0.02
    },
    {
      "neckYaw" : 0.0,
      "neckPitch" : 0.0,
      "leftShoulderPitch" : 1.5707963267948966,
      "leftShoulderYaw" : 0.0,
      "leftArmRoll" : 0.0,
      "leftArmYaw" : 0.0,
      "leftHipYawpitch" : -0.0,
      "leftHipRoll" : 0.19198621771937624,
      "leftHipPitch" : 0.4046842576721692,
      "leftKneePitch" : 1.229018971352359,
      "leftFootPitch" : -1.304720882328361,
      "leftFootRoll" : -0.19198621771937624,
      "rightShoulderPitch" : 1.5707963267948966,
      "rightShoulderYaw" : 0.0,
      "rightArmRoll" : 0.0,
      "rightArmYaw" : 0.0,
      "rightHipYawpitch" : 0.004985288662226523,
      "rightHipRoll" : 0.20943951023931956,
      "rightHipPitch" : -0.6245364022288868,
      "rightKneePitch" : 0.1768360093204871,
      "rightFootPitch" : -0.18329273271519247,
      "rightFootRoll" : -0.20943951023931956,
      "delta" : 0.46
    },
    {
      "neckYaw" : 0.0,
      "neckPitch" : 0.0,
      "leftShoulderPitch" : 1.5707963267948966,
      "leftShoulderYaw" : 0.0,
      "leftArmRoll" : 0.0,
      "leftArmYaw" : 0.0,
      "leftHipYawpitch" : -0.0,
      "leftHipRoll" : 0.19198621771937624,
      "leftHipPitch" : 0.4046842576721692,
      "leftKneePitch" : 1.229018971352359,
      "leftFootPitch" : -1.304720882328361,
      "leftFootRoll" : -0.19198621771937624,
      "rightShoulderPitch" : 1.5707963267948966,
      "rightShoulderYaw" : 0.0,
      "rightArmRoll" : 0.0,
      "rightArmYaw" : 0.0,
      "rightHipYawpitch" : 0.004985288662226523,
      "rightHipRoll" : 0.20943951023931956,
      "rightHipPitch" : -0.6245364022288868,
      "rightKneePitch" : 0.1768360093204871,
      "rightFootPitch" : -0.18329273271519247,
      "rightFootRoll" : -0.20943951023931956,
      "delta" : 0.04
    },
    {
      "neckYaw" : 0.0,
      "neckPitch" : 0.0,
      "leftShoulderPitch" : -0.0,
      "leftShoulderYaw" : 0.0,
      "leftArmRoll" : 0.0,
      "leftArmYaw" : 0.0,
      "leftHipYawpitch" : -0.017453292519943295,
      "leftHipRoll" : 0.19198621771937624,
      "leftHipPitch" : -0.3490658503988659,
      "leftKneePitch" : 2.0943951023931953,
      "leftFootPitch" : -1.0122909661567112,
      "leftFootRoll" : -0.19198621771937624,
      "rightShoulderPitch" : -0.0,
      "rightShoulderYaw" : 0.0,
      "rightArmRoll" : 0.0,
      "rightArmYaw" : 0.0,
      "rightHipYawpitch" : 0.013110860981103844,
      "rightHipRoll" : 0.20943951023931956,
      "rightHipPitch" : 0.3490658503988659,
      "rightKneePitch" : 0.3667460357215685,
      "rightFootPitch" : -0.18329273271519247,
      "rightFootRoll" : -0.20943951023931956,
      "delta" : 0.021
    },
    {
      "neckYaw" : 0.0,
      "neckPitch" : 0.0,
      "leftShoulderPitch" : -0.0,
      "leftShoulderYaw" : 0.0,
      "leftArmRoll" : 0.0,
      "leftArmYaw" : 0.0,
      "leftHipYawpitch" : -0.017453292519943295,
      "leftHipRoll" : 0.19198621771937624,
      "leftHipPitch" : -0.3490658503988659,
      "leftKneePitch" : 2.0943951023931953,
      "leftFootPitch" : -1.0122909661567112,
      "leftFootRoll" : -0.19198621771937624,
      "rightShoulderPitch" : -0.0,
      "rightShoulderYaw" : 0.0,
      "rightArmRoll" : 0.0,
      "rightArmYaw" : 0.0,
      "rightHipYawpitch" : 0.013110860981103844,
      "rightHipRoll" : 0.20943951023931956,
      "rightHipPitch" : 0.3490658503988659,
      "rightKneePitch" : 0.3667460357215685,
      "rightFootPitch" : -0.18329273271519247,
      "rightFootRoll" : -0.20943951023931956,
      "delta" : 0.04
    },
    {
      "neckYaw" : 0.0,
      "neckPitch" : 0.0,
      "leftShoulderPitch" : -0.0,
      "leftShoulderYaw" : 0.0,
      "leftArmRoll" : 0.0,
      "leftArmYaw" : 0.0,
      "leftHipYawpitch" : -0.026248006620742722,
      "leftHipRoll" : 0.13962634015954636,
      "leftHipPitch" : -1.5533430342749532,
      "leftKneePitch" : 0.017453292519943295,
      "leftFootPitch" : 0.6981317007977318,
      "leftFootRoll" : -0.19198621771937624,
      "rightShoulderPitch" : -0.0,
      "rightShoulderYaw" : 0.0,
      "rightArmRoll" : 0.0,
      "rightArmYaw" : 0.0,
      "rightHipYawpitch" : 0.0,
      "rightHipRoll" : 0.20943951023931956,
      "rightHipPitch" : 0.3490658503988659,
      "rightKneePitch" : 0.3141592653589793,
      "rightFootPitch" : -0.15711279393527752,
      "rightFootRoll" : -0.22029545818672427,
      "delta" : 0.02
    },
    {
      "neckYaw" : 0.0,
      "neckPitch" : 0.0,
      "leftShoulderPitch" : -0.0,
      "leftShoulderYaw" : 0.0,
      "leftArmRoll" : 0.0,
      "leftArmYaw" : 0.0,
      "leftHipYawpitch" : -0.026248006620742722,
      "leftHipRoll" : 0.13962634015954636,
      "leftHipPitch" : -1.5533430342749532,
      "leftKneePitch" : 0.017453292519943295,
      "leftFootPitch" : 0.6981317007977318,
      "leftFootRoll" : -0.19198621771937624,
      "rightShoulderPitch" : -0.0,
      "rightShoulderYaw" : 0.0,
      "rightArmRoll" : 0.0,
      "rightArmYaw" : 0.0,
      "rightHipYawpitch" : 0.0,
      "rightHipRoll" : 0.20943951023931956,
      "rightHipPitch" : 0.3490658503988659,
      "rightKneePitch" : 0.3141592653589793,
      "rightFootPitch" : -0.15711279393527752,
      "rightFootRoll" : -0.22029545818672427,
      "delta" : 0.15
    },
    {
      "neckYaw" : 0.0,
      "neckPitch" : 0.0,
      "leftShoulderPitch" : 1.5707963267948966,
      "leftShoulderYaw" : 0.0,
      "leftArmRoll" : 0.0,
      "leftArmYaw" : 0.0,
      "leftHipYawpitch" : -0.0,
      "leftHipRoll" : 0.0,
      "leftHipPitch" : -0.2792526803190927,
      "leftKneePitch" : 0.5061454830783556,
      "leftFootPitch" : -0.4363323129985824,
      "leftFootRoll" : 0.0,
      "rightShoulderPitch" : 1.5707963267948966,
      "rightShoulderYaw" : 0.0,
      "rightArmRoll" : 0.0,
      "rightArmYaw" : 0.0,
      "rightHipYawpitch" : 0.0,
      "rightHipRoll" : 0.0,
      "rightHipPitch" : -0.2792526803190927,
      "rightKneePitch" : 0.5061454830783556,
      "rightFootPitch" : -0.4363323129985824,
      "rightFootRoll" : 0.0,
      "delta" : 0.3
    },
    {
      "neckYaw" : 0.0,
      "neckPitch" : 0.0,
      "leftShoulderPitch" : 1.5707963267948966,
      "leftShoulderYaw" : 0.0,
      "leftArmRoll" : 0.0,
      "leftArmYaw" : 0.0,
      "leftHipYawpitch" : -0.0,
      "leftHipRoll" : 0.0,
      "leftHipPitch" : -0.49637163926718736,
      "leftKneePitch" : 0.8086110424489729,
      "leftFootPitch" : -0.5410520681182421,
      "leftFootRoll" : 0.0,
      "rightShoulderPitch" : 1.5707963267948966,
      "rightShoulderYaw" : 0.0,
      "rightArmRoll" : 0.0,
      "rightArmYaw" : 0.0,
      "rightHipYawpitch" : 0.0,
      "rightHipRoll" : 0.0,
      "rightHipPitch" : -0.49637163926718736,
      "rightKneePitch" : 0.8086110424489729,
      "rightFootPitch" : -0.5410520681182421,
      "rightFootRoll" : 0.0,
      "delta" : 0.4
    }
  ]
}