{
  "name" : "New5mKickRight2",
  "speedRate" : 1,
  "interpolator" : "linear",
  "steps" : [
    {
      "neckYaw" : 0.0,
      "neckPitch" : 0.0,
      "leftShoulderPitch" : 0.0,
      "leftShoulderYaw" : 0.0,
      "leftArmRoll" : 0.0,
      "leftArmYaw" : 0.0,
      "leftHipYawpitch" : 0.0,
      "leftHipRoll" : -0.20943951023931956,
      "leftHipPitch" : 0.0,
      "leftKneePitch" : 0.0,
      "leftFootPitch" : 0.0,
      "leftFootRoll" : 0.20943951023931956,
      "rightShoulderPitch" : 0.0,
      "rightShoulderYaw" : 0.0,
      "rightArmRoll" : 0.0,
      "rightArmYaw" : 0.0,
      "rightHipYawpitch" : 0.0,
      "rightHipRoll" : -0.20943951023931956,
      "rightHipPitch" : 0.0,
      "rightKneePitch" : 0.0,
      "rightFootPitch" : 0.0,
      "rightFootRoll" : 0.20943951023931956,
      "delta" : 0.1
    },
    {
      "neckYaw" : 0.0,
      "neckPitch" : 0.0,
      "leftShoulderPitch" : 0.0,
      "leftShoulderYaw" : 0.0,
      "leftArmRoll" : 0.0,
      "leftArmYaw" : 0.0,
      "leftHipYawpitch" : 0.0,
      "leftHipRoll" : -0.20943951023931956,
      "leftHipPitch" : 0.0,
      "leftKneePitch" : 0.0,
      "leftFootPitch" : 0.0,
      "leftFootRoll" : 0.20943951023931956,
      "rightShoulderPitch" : 0.0,
      "rightShoulderYaw" : 0.0,
      "rightArmRoll" : 0.0,
      "rightArmYaw" : 0.0,
      "rightHipYawpitch" : 0.0,
      "rightHipRoll" : -0.20943951023931956,
      "rightHipPitch" : -1.543569190463785,
      "rightKneePitch" : 3.2520719952410344,
      "rightFootPitch" : -0.5410520681182421,
      "rightFootRoll" : 0.20943951023931956,
      "delta" : 0.1
    },
    {
      "neckYaw" : 0.0,
      "neckPitch" : 0.0,
      "leftShoulderPitch" : 1.5707963267948966,
      "leftShoulderYaw" : 0.0,
      "leftArmRoll" : 0.0,
      "leftArmYaw" : 0.0,
      "leftHipYawpitch" : -0.0,
      "leftHipRoll" : -0.20943951023931956,
      "leftHipPitch" : -0.1473057888683214,
      "leftKneePitch" : 0.11047934165124106,
      "leftFootPitch" : -0.19198621771937624,
      "leftFootRoll" : 0.20943951023931956,
      "rightShoulderPitch" : 1.5707963267948966,
      "rightShoulderYaw" : 0.0,
      "rightArmRoll" : 0.0,
      "rightArmYaw" : 0.0,
      "rightHipYawpitch" : 0.0,
      "rightHipRoll" : -0.20943951023931956,
      "rightHipPitch" : 1.5784757755036716,
      "rightKneePitch" : 2.623753464523076,
      "rightFootPitch" : -0.5235987755982988,
      "rightFootRoll" : 0.20943951023931956,
      "delta" : 0.1
    },
    {
      "neckYaw" : 0.0,
      "neckPitch" : 0.0,
      "leftShoulderPitch" : 2.0943951023931953,
      "leftShoulderYaw" : 0.0,
      "leftArmRoll" : 0.0,
      "leftArmYaw" : 0.0,
      "leftHipYawpitch" : -0.0,
      "leftHipRoll" : -0.20943951023931956,
      "leftHipPitch" : -0.1473057888683214,
      "leftKneePitch" : 0.11047934165124106,
      "leftFootPitch" : -0.19198621771937624,
      "leftFootRoll" : 0.20943951023931956,
      "rightShoulderPitch" : 2.0943951023931953,
      "rightShoulderYaw" : 0.0,
      "rightArmRoll" : 0.0,
      "rightArmYaw" : 0.0,
      "rightHipYawpitch" : 0.0,
      "rightHipRoll" : -0.20943951023931956,
      "rightHipPitch" : -1.3962634015954636,
      "rightKneePitch" : -0.0,
      "rightFootPitch" : -0.3490658503988659,
      "rightFootRoll" : 0.20943951023931956,
      "delta" : 0.12
    },
    {
      "neckYaw" : 0.0,
      "neckPitch" : 0.0,
      "leftShoulderPitch" : 1.5707963267948966,
      "leftShoulderYaw" : 0.0,
      "leftArmRoll" : 0.0,
      "leftArmYaw" : 0.0,
      "leftHipYawpitch" : -0.0,
      "leftHipRoll" : 0.0,
      "leftHipPitch" : -0.49637163926718736,
      "leftKneePitch" : 0.8086110424489729,
      "leftFootPitch" : -0.5410520681182421,
      "leftFootRoll" : 0.0,
      "rightShoulderPitch" : 1.5707963267948966,
      "rightShoulderYaw" : 0.0,
      "rightArmRoll" : 0.0,
      "rightArmYaw" : 0.0,
      "rightHipYawpitch" : 0.0,
      "rightHipRoll" : 0.0,
      "rightHipPitch" : -0.49637163926718736,
      "rightKneePitch" : 0.8086110424489729,
      "rightFootPitch" : -0.5410520681182421,
      "rightFootRoll" : 0.0,
      "delta" : 0.5
    }
  ]
}