{
  "name" : "New5mKickRightHighLPR_mid",
  "speedRate" : 1,
  "interpolator" : "linear",
  "steps" : [
    {
      "neckYaw" : 0.0,
      "neckPitch" : 0.0,
      "leftShoulderPitch" : 1.5707963267948966,
      "leftShoulderYaw" : 0.0,
      "leftArmRoll" : 0.0,
      "leftArmYaw" : 0.0,
      "leftHipYawpitch" : -0.0,
      "leftHipRoll" : 0.0,
      "leftHipPitch" : -0.49637163926718736,
      "leftKneePitch" : 0.8086110424489729,
      "leftFootPitch" : -0.5410520681182421,
      "leftFootRoll" : 0.0,
      "rightShoulderPitch" : 1.5707963267948966,
      "rightShoulderYaw" : 0.0,
      "rightArmRoll" : 0.0,
      "rightArmYaw" : 0.0,
      "rightHipYawpitch" : 0.0,
      "rightHipRoll" : 0.0,
      "rightHipPitch" : -0.49637163926718736,
      "rightKneePitch" : 0.8086110424489729,
      "rightFootPitch" : -0.5410520681182421,
      "rightFootRoll" : 0.0,
      "delta" : 0.6
    },
    {
      "neckYaw" : 0.0,
      "neckPitch" : 0.0,
      "leftShoulderPitch" : 1.5707963267948966,
      "leftShoulderYaw" : 0.0,
      "leftArmRoll" : 0.0,
      "leftArmYaw" : 0.0,
      "leftHipYawpitch" : -0.0,
      "leftHipRoll" : -0.19198621771937624,
      "leftHipPitch" : -0.49637163926718736,
      "leftKneePitch" : 0.8086110424489729,
      "leftFootPitch" : -0.5410520681182421,
      "leftFootRoll" : 0.19198621771937624,
      "rightShoulderPitch" : 1.5707963267948966,
      "rightShoulderYaw" : 0.0,
      "rightArmRoll" : 0.0,
      "rightArmYaw" : 0.0,
      "rightHipYawpitch" : 0.0,
      "rightHipRoll" : -0.19198621771937624,
      "rightHipPitch" : -0.49637163926718736,
      "rightKneePitch" : 0.8086110424489729,
      "rightFootPitch" : -0.5410520681182421,
      "rightFootRoll" : 0.19198621771937624,
      "delta" : 0.6
    },
    {
      "neckYaw" : 0.0,
      "neckPitch" : 0.0,
      "leftShoulderPitch" : 1.5707963267948966,
      "leftShoulderYaw" : 0.0,
      "leftArmRoll" : 0.0,
      "leftArmYaw" : 0.0,
      "leftHipYawpitch" : -0.0,
      "leftHipRoll" : -0.19198621771937624,
      "leftHipPitch" : -0.49637163926718736,
      "leftKneePitch" : 0.8086110424489729,
      "leftFootPitch" : -0.5410520681182421,
      "leftFootRoll" : 0.19198621771937624,
      "rightShoulderPitch" : 1.5707963267948966,
      "rightShoulderYaw" : 0.0,
      "rightArmRoll" : 0.0,
      "rightArmYaw" : 0.0,
      "rightHipYawpitch" : 0.0,
      "rightHipRoll" : -0.19198621771937624,
      "rightHipPitch" : -0.8454374896660531,
      "rightKneePitch" : 1.1576768928478387,
      "rightFootPitch" : -0.5410520681182421,
      "rightFootRoll" : 0.19198621771937624,
      "delta" : 0.6
    },
    {
      "neckYaw" : 0.0,
      "neckPitch" : 0.0,
      "leftShoulderPitch" : 1.5707963267948966,
      "leftShoulderYaw" : 0.0,
      "leftArmRoll" : 0.0,
      "leftArmYaw" : 0.0,
      "leftHipYawpitch" : -0.0,
      "leftHipRoll" : -0.19198621771937624,
      "leftHipPitch" : -0.49637163926718736,
      "leftKneePitch" : 0.9831439676484058,
      "leftFootPitch" : -0.5410520681182421,
      "leftFootRoll" : 0.19198621771937624,
      "rightShoulderPitch" : 1.5707963267948966,
      "rightShoulderYaw" : 0.0,
      "rightArmRoll" : 0.0,
      "rightArmYaw" : 0.0,
      "rightHipYawpitch" : 0.0,
      "rightHipRoll" : -0.19198621771937624,
      "rightHipPitch" : -0.8454374896660531,
      "rightKneePitch" : 0.45954519205010697,
      "rightFootPitch" : 0.2617993877991494,
      "rightFootRoll" : 0.19198621771937624,
      "delta" : 0.6
    },
    {
      "neckYaw" : 0.0,
      "neckPitch" : 0.0,
      "leftShoulderPitch" : 1.5707963267948966,
      "leftShoulderYaw" : 0.0,
      "leftArmRoll" : 0.0,
      "leftArmYaw" : 0.0,
      "leftHipYawpitch" : -0.0,
      "leftHipRoll" : 0.19198621771937624,
      "leftHipPitch" : -0.49637163926718736,
      "leftKneePitch" : 0.6340781172495399,
      "leftFootPitch" : -0.6981317007977318,
      "leftFootRoll" : -0.19198621771937624,
      "rightShoulderPitch" : 1.5707963267948966,
      "rightShoulderYaw" : 0.0,
      "rightArmRoll" : 0.0,
      "rightArmYaw" : 0.0,
      "rightHipYawpitch" : 0.0,
      "rightHipRoll" : 0.19198621771937624,
      "rightHipPitch" : -1.0199704148654862,
      "rightKneePitch" : 0.285012266850674,
      "rightFootPitch" : 0.2617993877991494,
      "rightFootRoll" : -0.19198621771937624,
      "delta" : 0.8
    },
    {
      "neckYaw" : 0.0,
      "neckPitch" : 0.0,
      "leftShoulderPitch" : 0.8726646259971648,
      "leftShoulderYaw" : 0.0,
      "leftArmRoll" : 0.0,
      "leftArmYaw" : 0.0,
      "leftHipYawpitch" : -0.0,
      "leftHipRoll" : 0.20943951023931956,
      "leftHipPitch" : -0.49637163926718736,
      "leftKneePitch" : 0.8086110424489729,
      "leftFootPitch" : -0.5410520681182421,
      "leftFootRoll" : -0.20943951023931956,
      "rightShoulderPitch" : 0.8726646259971648,
      "rightShoulderYaw" : 0.0,
      "rightArmRoll" : 0.0,
      "rightArmYaw" : 0.0,
      "rightHipYawpitch" : 0.0,
      "rightHipRoll" : 0.20943951023931956,
      "rightHipPitch" : -0.49637163926718736,
      "rightKneePitch" : 0.8086110424489729,
      "rightFootPitch" : -0.5410520681182421,
      "rightFootRoll" : -0.20943951023931956,
      "delta" : 0.8
    },
    {
      "neckYaw" : 0.0,
      "neckPitch" : 0.0,
      "leftShoulderPitch" : 0.8726646259971648,
      "leftShoulderYaw" : 0.0,
      "leftArmRoll" : 0.0,
      "leftArmYaw" : 0.0,
      "leftHipYawpitch" : -0.0,
      "leftHipRoll" : 0.20943951023931956,
      "leftHipPitch" : -0.49637163926718736,
      "leftKneePitch" : 0.8086110424489729,
      "leftFootPitch" : -0.5410520681182421,
      "leftFootRoll" : -0.20943951023931956,
      "rightShoulderPitch" : 0.8726646259971648,
      "rightShoulderYaw" : 0.0,
      "rightArmRoll" : 0.0,
      "rightArmYaw" : 0.0,
      "rightHipYawpitch" : 0.0,
      "rightHipRoll" : 0.20943951023931956,
      "rightHipPitch" : -0.49637163926718736,
      "rightKneePitch" : 0.8086110424489729,
      "rightFootPitch" : -0.5410520681182421,
      "rightFootRoll" : -0.20943951023931956,
      "delta" : 0.1
    },
    {
      "neckYaw" : 0.0,
      "neckPitch" : 0.0,
      "leftShoulderPitch" : 0.8726646259971648,
      "leftShoulderYaw" : 0.0,
      "leftArmRoll" : 0.0,
      "leftArmYaw" : 0.0,
      "leftHipYawpitch" : -0.0,
      "leftHipRoll" : 0.20943951023931956,
      "leftHipPitch" : -0.49637163926718736,
      "leftKneePitch" : 3.2520719952410344,
      "leftFootPitch" : -1.5707963267948966,
      "leftFootRoll" : -0.20943951023931956,
      "rightShoulderPitch" : 0.8726646259971648,
      "rightShoulderYaw" : 0.0,
      "rightArmRoll" : 0.0,
      "rightArmYaw" : 0.0,
      "rightHipYawpitch" : 0.0,
      "rightHipRoll" : 0.20943951023931956,
      "rightHipPitch" : -0.49637163926718736,
      "rightKneePitch" : 0.8086110424489729,
      "rightFootPitch" : -0.5410520681182421,
      "rightFootRoll" : -0.20943951023931956,
      "delta" : 0.1
    },
    {
      "neckYaw" : 0.0,
      "neckPitch" : 0.0,
      "leftShoulderPitch" : 0.8726646259971648,
      "leftShoulderYaw" : 0.0,
      "leftArmRoll" : 0.0,
      "leftArmYaw" : 0.0,
      "leftHipYawpitch" : -0.0,
      "leftHipRoll" : 0.20943951023931956,
      "leftHipPitch" : 0.6981317007977318,
      "leftKneePitch" : 2.6179938779914944,
      "leftFootPitch" : 0.8726646259971648,
      "leftFootRoll" : -0.20943951023931956,
      "rightShoulderPitch" : 0.8726646259971648,
      "rightShoulderYaw" : 0.0,
      "rightArmRoll" : 0.0,
      "rightArmYaw" : 0.0,
      "rightHipYawpitch" : -0.8726646259971648,
      "rightHipRoll" : 0.20943951023931956,
      "rightHipPitch" : -0.0,
      "rightKneePitch" : -0.0,
      "rightFootPitch" : -0.0,
      "rightFootRoll" : -0.20943951023931956,
      "delta" : 0.5
    },
    {
      "neckYaw" : 0.0,
      "neckPitch" : 0.0,
      "leftShoulderPitch" : 0.8726646259971648,
      "leftShoulderYaw" : 0.0,
      "leftArmRoll" : 0.0,
      "leftArmYaw" : 0.0,
      "leftHipYawpitch" : -0.0,