{
  "name" : "SGoalKickRight",
  "speedRate" : 1,
  "interpolator" : "linear",
  "steps" : [
    {
      "neckYaw" : 0.0,
      "neckPitch" : 0.0,
      "leftShoulderPitch" : 0.0,
      "leftShoulderYaw" : 0.0,
      "leftArmRoll" : 0.0,
      "leftArmYaw" : 0.0,
      "leftHipYawpitch" : 0.0,
      "leftHipRoll" : 0.0,
      "leftHipPitch" : 0.0,
      "leftKneePitch" : 0.0,
      "leftFootPitch" : 0.0,
      "leftFootRoll" : 0.0,
      "rightShoulderPitch" : 0.0,
      "rightShoulderYaw" : 0.0,
      "rightArmRoll" : 0.0,
      "rightArmYaw" : 0.0,
      "rightHipYawpitch" : 0.0,
      "rightHipRoll" : 0.0,
      "rightHipPitch" : 0.0,
      "rightKneePitch" : 0.0,
      "rightFootPitch" : 0.0,
      "rightFootRoll" : 0.0,
      "delta" : 0.01
    },
    {
      "neckYaw" : 0.0,
      "neckPitch" : 0.0,
      "leftShoulderPitch" : 0.8726646259971648,
      "leftShoulderYaw" : 0.0,
      "leftArmRoll" : 0.0,
      "leftArmYaw" : 0.0,
      "leftHipYawpitch" : -0.0,
      "leftHipRoll" : -0.20943951023931956,
      "leftHipPitch" : -0.49637163926718736,
      "leftKneePitch" : 0.8086110424489729,
      "leftFootPitch" : -0.5410520681182421,
      "leftFootRoll" : 0.19198621771937624,
      "rightShoulderPitch" : 0.8726646259971648,
      "rightShoulderYaw" : 0.0,
      "rightArmRoll" : 0.0,
      "rightArmYaw" : 0.0,
      "rightHipYawpitch" : 0.0,
      "rightHipRoll" : 0.20943951023931956,
      "rightHipPitch" : -0.49637163926718736,
      "rightKneePitch" : 3.2520719952410344,
      "rightFootPitch" : -1.5707963267948966,
      "rightFootRoll" : -0.17453292519943295,
      "delta" : 0.6
    },
    {
      "neckYaw" : 0.0,
      "neckPitch" : 0.0,
      "leftShoulderPitch" : 0.8726646259971648,
      "leftShoulderYaw" : 0.0,
      "leftArmRoll" : 0.0,
      "leftArmYaw" : 0.0,
      "leftHipYawpitch" : 0.8726646259971648,
      "leftHipRoll" : -0.20943951023931956,
      "leftHipPitch" : -0.0,
      "leftKneePitch" : -0.0,
      "leftFootPitch" : -0.0,
      "leftFootRoll" : 0.19198621771937624,
      "rightShoulderPitch" : 0.8726646259971648,
      "rightShoulderYaw" : 0.0,
      "rightArmRoll" : 0.0,
      "rightArmYaw" : 0.0,
      "rightHipYawpitch" : 0.0,
      "rightHipRoll" : -0.20943951023931956,
      "rightHipPitch" : 0.6981317007977318,
      "rightKneePitch" : 2.6179938779914944,
      "rightFootPitch" : 0.8726646259971648,
      "rightFootRoll" : -0.17453292519943295,
      "delta" : 1.0
    },
    {
      "neckYaw" : 0.0,
      "neckPitch" : 0.0,
      "leftShoulderPitch" : 0.8726646259971648,
      "leftShoulderYaw" : 0.0,
      "leftArmRoll" : 0.0,
      "leftArmYaw" : 0.0,
      "leftHipYawpitch" : 0.8726646259971648,
      "leftHipRoll" : -0.20943951023931956,
      "leftHipPitch" : -0.0,
      "leftKneePitch" : -0.0,
      "leftFootPitch" : -0.0,
      "leftFootRoll" : 0.19198621771937624,
      "rightShoulderPitch" : 0.8726646259971648,
      "rightShoulderYaw" : 0.0,
      "rightArmRoll" : 0.0,
      "rightArmYaw" : 0.0,
      "rightHipYawpitch" : 0.0,
      "rightHipRoll" : -0.20943951023931956,
      "rightHipPitch" : 0.6981317007977318,
      "rightKneePitch" : 2.6179938779914944,
      "rightFootPitch" : 0.8726646259971648,
      "rightFootRoll" : -0.17453292519943295,
      "delta" : 0.1
    },
    {
      "neckYaw" : 0.0,
      "neckPitch" : 0.0,
      "leftShoulderPitch" : 2.0943951023931953,
      "leftShoulderYaw" : 0.0,
      "leftArmRoll" : 0.0,
      "leftArmYaw" : 0.0,
      "leftHipYawpitch" : -0.0,
      "leftHipRoll" : -0.20943951023931956,
      "leftHipPitch" : 0.17453292519943295,
      "leftKneePitch" : 0.5235987755982988,
      "leftFootPitch" : 0.2617993877991494,
      "leftFootRoll" : 0.19198621771937624,
      "rightShoulderPitch" : 2.0943951023931953,
      "rightShoulderYaw" : 0.0,
      "rightArmRoll" : 0.0,
      "rightArmYaw" : 0.0,
      "rightHipYawpitch" : 0.0,
      "rightHipRoll" : 0.0,
      "rightHipPitch" : -1.7453292519943295,
      "rightKneePitch" : 0.17453292519943295,
      "rightFootPitch" : 0.4363323129985824,
      "rightFootRoll" : -0.20943951023931956,
      "delta" : 0.1
    },
    {
      "neckYaw" : 0.0,
      "neckPitch" : 0.0,
      "leftShoulderPitch" : 2.6179938779914944,
      "leftShoulderYaw" : 0.0,
      "leftArmRoll" : 0.0,
      "leftArmYaw" : 0.0,
      "leftHipYawpitch" : -0.0,
      "leftHipRoll" : -0.20943951023931956,
      "leftHipPitch" : 0.5235987755982988,
      "leftKneePitch" : 1.3962634015954636,
      "leftFootPitch" : 1.0471975511965976,
      "leftFootRoll" : 0.19198621771937624,
      "rightShoulderPitch" : 2.6179938779914944,
      "rightShoulderYaw" : 0.0,
      "rightArmRoll" : 0.0,
      "rightArmYaw" : 0.0,
      "rightHipYawpitch" : -1.5707963267948966,
      "rightHipRoll" : 0.0,
      "rightHipPitch" : -1.7453292519943295,
      "rightKneePitch" : -0.017453292519943295,
      "rightFootPitch" : -0.6981317007977318,
      "rightFootRoll" : -0.20943951023931956,
      "delta" : 0.08
    },
    {
      "neckYaw" : 0.0,
      "neckPitch" : 0.0,
      "leftShoulderPitch" : 2.6179938779914944,
      "leftShoulderYaw" : 0.0,
      "leftArmRoll" : 0.0,
      "leftArmYaw" : 0.0,
      "leftHipYawpitch" : -0.0,
      "leftHipRoll" : -0.20943951023931956,
      "leftHipPitch" : 0.5235987755982988,
      "leftKneePitch" : 1.3962634015954636,
      "leftFootPitch" : 1.0471975511965976,
      "leftFootRoll" : 0.19198621771937624,
      "rightShoulderPitch" : 2.6179938779914944,
      "rightShoulderYaw" : 0.0,
      "rightArmRoll" : 0.0,
      "rightArmYaw" : 0.0,
      "rightHipYawpitch" : -1.5707963267948966,
      "rightHipRoll" : 0.0,
      "rightHipPitch" : -1.7453292519943295,
      "rightKneePitch" : -0.017453292519943295,
      "rightFootPitch" : -0.6981317007977318,
      "rightFootRoll" : -0.20943951023931956,
      "delta" : 0.04
    }
  ]
}