{
  "name" : "SideKick2",
  "speedRate" : 1,
  "interpolator" : "linear",
  "steps" : [
    {
      "neckYaw" : 0.0,
      "neckPitch" : 0.0,
      "leftShoulderPitch" : 1.5707963267948966,
      "leftShoulderYaw" : 0.0,
      "leftArmRoll" : 0.0,
      "leftArmYaw" : 0.0,
      "leftHipYawpitch" : -0.0,
      "leftHipRoll" : 0.0,
      "leftHipPitch" : -0.2792526803190927,
      "leftKneePitch" : 0.5061454830783556,
      "leftFootPitch" : -0.4363323129985824,
      "leftFootRoll" : 0.0,
      "rightShoulderPitch" : 1.5707963267948966,
      "rightShoulderYaw" : 0.0,
      "rightArmRoll" : 0.0,
      "rightArmYaw" : 0.0,
      "rightHipYawpitch" : 0.0,
      "rightHipRoll" : 0.0,
      "rightHipPitch" : -0.2792526803190927,
      "rightKneePitch" : 0.5061454830783556,
      "rightFootPitch" : -0.4363323129985824,
      "rightFootRoll" : 0.0,
      "delta" : 0.8
    },
    {
      "neckYaw" : 0.0,
      "neckPitch" : 0.0,
      "leftShoulderPitch" : 1.5707963267948966,
      "leftShoulderYaw" : 0.0,
      "leftArmRoll" : 0.0,
      "leftArmYaw" : 0.0,
      "leftHipYawpitch" : -0.0,
      "leftHipRoll" : 0.0,
      "leftHipPitch" : -0.2792526803190927,
      "leftKneePitch" : 0.5061454830783556,
      "leftFootPitch" : -0.4363323129985824,
      "leftFootRoll" : 0.0,
      "rightShoulderPitch" : 1.5707963267948966,
      "rightShoulderYaw" : 0.0,
      "rightArmRoll" : 0.0,
      "rightArmYaw" : 0.0,
      "rightHipYawpitch" : 0.0,
      "rightHipRoll" : 0.0,
      "rightHipPitch" : -0.2792526803190927,
      "rightKneePitch" : 0.5061454830783556,
      "rightFootPitch" : -0.4363323129985824,
      "rightFootRoll" : 0.0,
      "delta" : 0.1
    },
    {
      "neckYaw" : 0.0,
      "neckPitch" : 0.0,
      "leftShoulderPitch" : 1.5707963267948966,
      "leftShoulderYaw" : 0.0,
      "leftArmRoll" : 0.0,
      "leftArmYaw" : 0.0,
      "leftHipYawpitch" : -0.0,
      "leftHipRoll" : 0.20943951023931956,
      "leftHipPitch" : -0.2792526803190927,
      "leftKneePitch" : 0.5061454830783556,
      "leftFootPitch" : -0.4363323129985824,
      "leftFootRoll" : -0.20943951023931956,
      "rightShoulderPitch" : 1.5707963267948966,
      "rightShoulderYaw" : 0.0,
      "rightArmRoll" : 0.0,
      "rightArmYaw" : 0.0,
      "rightHipYawpitch" : 0.0,
      "rightHipRoll" : 0.20943951023931956,
      "rightHipPitch" : -0.2792526803190927,
      "rightKneePitch" : 0.5061454830783556,
      "rightFootPitch" : -0.4363323129985824,
      "rightFootRoll" : -0.20943951023931956,
      "delta" : 0.4
    },
    {
      "neckYaw" : 0.0,
      "neckPitch" : 0.0,
      "leftShoulderPitch" : 1.5707963267948966,
      "leftShoulderYaw" : 0.0,
      "leftArmRoll" : 0.0,
      "leftArmYaw" : 0.0,
      "leftHipYawpitch" : -0.0,
      "leftHipRoll" : 0.20943951023931956,
      "leftHipPitch" : -0.3665191429188092,
      "leftKneePitch" : 0.6806784082777885,
      "leftFootPitch" : -0.5235987755982988,
      "leftFootRoll" : -0.20943951023931956,
      "rightShoulderPitch" : 1.5707963267948966,
      "rightShoulderYaw" : 0.0,
      "rightArmRoll" : 0.0,
      "rightArmYaw" : 0.0,
      "rightHipYawpitch" : 0.0,
      "rightHipRoll" : 0.20943951023931956,
      "rightHipPitch" : -0.2792526803190927,
      "rightKneePitch" : 0.5061454830783556,
      "rightFootPitch" : -0.4363323129985824,
      "rightFootRoll" : -0.20943951023931956,
      "delta" : 0.2
    },
    {
      "neckYaw" : 0.0,
      "neckPitch" : 0.0,
      "leftShoulderPitch" : 1.5707963267948966,
      "leftShoulderYaw" : 0.0,
      "leftArmRoll" : 0.0,
      "leftArmYaw" : 0.0,
      "leftHipYawpitch" : -0.0,
      "leftHipRoll" : 0.20943951023931956,
      "leftHipPitch" : -0.3665191429188092,
      "leftKneePitch" : 1.5707963267948966,
      "leftFootPitch" : -0.5235987755982988,
      "leftFootRoll" : -0.20943951023931956,
      "rightShoulderPitch" : 1.5707963267948966,
      "rightShoulderYaw" : 0.0,
      "rightArmRoll" : 0.0,
      "rightArmYaw" : 0.0,
      "rightHipYawpitch" : 0.0,
      "rightHipRoll" : 0.20943951023931956,
      "rightHipPitch" : -0.2792526803190927,
      "rightKneePitch" : 0.5061454830783556,
      "rightFootPitch" : -0.4363323129985824,
      "rightFootRoll" : -0.20943951023931956,
      "delta" : 0.6
    },
    {
      "neckYaw" : 0.0,
      "neckPitch" : 0.0,
      "leftShoulderPitch" : 1.5707963267948966,
      "leftShoulderYaw" : 0.0,
      "leftArmRoll" : 0.0,
      "leftArmYaw" : 0.0,
      "leftHipYawpitch" : -0.0,
      "leftHipRoll" : 0.8726646259971648,
      "leftHipPitch" : -0.3665191429188092,
      "leftKneePitch" : 1.5707963267948966,
      "leftFootPitch" : -0.5235987755982988,
      "leftFootRoll" : -0.20943951023931956,
      "rightShoulderPitch" : 1.5707963267948966,
      "rightShoulderYaw" : 0.0,
      "rightArmRoll" : 0.0,
      "rightArmYaw" : 0.0,
      "rightHipYawpitch" : 0.0,
      "rightHipRoll" : 0.20943951023931956,
      "rightHipPitch" : -0.2792526803190927,
      "rightKneePitch" : 0.5061454830783556,
      "rightFootPitch" : -0.4363323129985824,
      "rightFootRoll" : -0.20943951023931956,
      "delta" : 0.5
    },
    {
      "neckYaw" : 0.0,
      "neckPitch" : 0.0,
      "leftShoulderPitch" : 1.5707963267948966,
      "leftShoulderYaw" : 0.0,
      "leftArmRoll" : 0.0,
      "leftArmYaw" : 0.0,
      "leftHipYawpitch" : -0.0,
      "leftHipRoll" : 1.2217304763960306,
      "leftHipPitch" : -0.7155849933176751,
      "leftKneePitch" : -0.0,
      "leftFootPitch" : -0.5235987755982988,
      "leftFootRoll" : -0.20943951023931956,
      "rightShoulderPitch" : 1.5707963267948966,
      "rightShoulderYaw" : 0.0,
      "rightArmRoll" : 0.0,
      "rightArmYaw" : 0.0,
      "rightHipYawpitch" : 0.0,
      "rightHipRoll" : 0.20943951023931956,
      "rightHipPitch" : -0.2792526803190927,
      "rightKneePitch" : 0.5061454830783556,
      "rightFootPitch" : -0.4363323129985824,
      "rightFootRoll" : -0.20943951023931956,
      "delta" : 0.5
    },
    {
      "neckYaw" : 0.0,
      "neckPitch" : 0.0,
      "leftShoulderPitch" : 1.5707963267948966,
      "leftShoulderYaw" : 0.0,
      "leftArmRoll" : 0.0,
      "leftArmYaw" : 0.0,
      "leftHipYawpitch" : -0.0,
      "leftHipRoll" : -0.3490658503988659,
      "leftHipPitch" : -1.5882496193148399,
      "leftKneePitch" : -0.0,
      "leftFootPitch" : -0.5235987755982988,
      "leftFootRoll" : -0.20943951023931956,
      "rightShoulderPitch" : 1.5707963267948966,
      "rightShoulderYaw" : 0.0,
      "rightArmRoll" : 0.0,
      "rightArmYaw" : 0.0,
      "rightHipYawpitch" : 0.0,
      "rightHipRoll" : 0.20943951023931956,
      "rightHipPitch" : -0.2792526803190927,
      "rightKneePitch" : 0.5061454830783556,
      "rightFootPitch" : -0.4363323129985824,
      "rightFootRoll" : -0.20943951023931956,
      "delta" : 0.2
    },
    {
      "neckYaw" : 0.0,
      "neckPitch" : 0.0,
      "leftShoulderPitch" : 1.5707963267948966,
      "leftShoulderYaw" : 0.0,
      "leftArmRoll" : 0.0,
      "leftArmYaw" : 0.0,
      "leftHipYawpitch" : -0.0,
      "leftHipRoll" : -0.3490658503988659,
      "leftHipPitch" : -1.5882496193148399,
      "leftKneePitch" : -0.0,
      "leftFootPitch" : -0.5235987755982988,
      "leftFootRoll" : -0.20943951023931956,
      "rightShoulderPitch" : 1.5707963267948966,
      "rightShoulderYaw" : 0.0,
      "rightArmRoll" : 0.0,
      "rightArmYaw" : 0.0,
      "rightHipYawpitch" : 0.0,
      "rightHipRoll" : 0.20943951023931956,
      "rightHipPitch" : -0.2792526803190927,
      "rightKneePitch" : 0.5061454830783556,
      "rightFootPitch" : -0.4363323129985824,
      "rightFootRoll" : -0.20943951023931956,
      "delta" : 0.4
    },
    {
      "neckYaw" : 0.0,
      "neckPitch" : 0.0,
      "leftShoulderPitch" : 1.5707963267948966,
      "leftShoulderYaw" : 0.0,
      "leftArmRoll" : 0.0,
      "leftArmYaw" : 0.0,
      "leftHipYawpitch" : -0.0,
      "leftHipRoll" : 0.0,
      "leftHipPitch" : -0.49637163926718736,
      "leftKneePitch" : 0.8086110424489729,