{
  "name" : "SuperKickRight64",
  "speedRate" : 1,
  "interpolator" : "linear",
  "steps" : [
    {
      "neckYaw" : 0.0,
      "neckPitch" : 0.0,
      "leftShoulderPitch" : 0.0,
      "leftShoulderYaw" : 0.0,
      "leftArmRoll" : 0.0,
      "leftArmYaw" : 0.0,
      "leftHipYawpitch" : 0.0,
      "leftHipRoll" : -0.19198621771937624,
      "leftHipPitch" : 0.0,
      "leftKneePitch" : 0.0,
      "leftFootPitch" : 0.0,
      "leftFootRoll" : 0.19198621771937624,
      "rightShoulderPitch" : 0.0,
      "rightShoulderYaw" : 0.0,
      "rightArmRoll" : 0.0,
      "rightArmYaw" : 0.0,
      "rightHipYawpitch" : 0.0,
      "rightHipRoll" : -0.19198621771937624,
      "rightHipPitch" : 0.0,
      "rightKneePitch" : 0.0,
      "rightFootPitch" : 0.0,
      "rightFootRoll" : 0.19198621771937624,
      "delta" : 0.4
    },
    {
      "neckYaw" : 0.0,
      "neckPitch" : 0.0,
      "leftShoulderPitch" : 0.0,
      "leftShoulderYaw" : 0.0,
      "leftArmRoll" : 0.0,
      "leftArmYaw" : 0.0,
      "leftHipYawpitch" : 0.0,
      "leftHipRoll" : -0.19198621771937624,
      "leftHipPitch" : 0.0,
      "leftKneePitch" : 0.0,
      "leftFootPitch" : 0.0,
      "leftFootRoll" : 0.19198621771937624,
      "rightShoulderPitch" : 0.0,
      "rightShoulderYaw" : 0.0,
      "rightArmRoll" : 0.0,
      "rightArmYaw" : 0.0,
      "rightHipYawpitch" : 0.0,
      "rightHipRoll" : -0.19198621771937624,
      "rightHipPitch" : -0.3665191429188092,
      "rightKneePitch" : 0.6806784082777885,
      "rightFootPitch" : -0.5235987755982988,
      "rightFootRoll" : 0.19198621771937624,
      "delta" : 0.2
    },
    {
      "neckYaw" : 0.0,
      "neckPitch" : 0.0,
      "leftShoulderPitch" : 1.5707963267948966,
      "leftShoulderYaw" : 0.0,
      "leftArmRoll" : 0.0,
      "leftArmYaw" : 0.0,
      "leftHipYawpitch" : 0.0,
      "leftHipRoll" : -0.20943951023931956,
      "leftHipPitch" : -0.5235987755982988,
      "leftKneePitch" : 0.017453292519943295,
      "leftFootPitch" : -0.06981317007977318,
      "leftFootRoll" : 0.20943951023931956,
      "rightShoulderPitch" : 1.5707963267948966,
      "rightShoulderYaw" : 0.0,
      "rightArmRoll" : 0.0,
      "rightArmYaw" : 0.0,
      "rightHipYawpitch" : 0.0,
      "rightHipRoll" : -0.19198621771937624,
      "rightHipPitch" : 0.6981317007977318,
      "rightKneePitch" : 1.2217304763960306,
      "rightFootPitch" : -1.3089969389957472,
      "rightFootRoll" : 0.19198621771937624,
      "delta" : 0.47
    },
    {
      "neckYaw" : 0.0,
      "neckPitch" : 0.0,
      "leftShoulderPitch" : -0.0,
      "leftShoulderYaw" : 0.0,
      "leftArmRoll" : 0.0,
      "leftArmYaw" : 0.0,
      "leftHipYawpitch" : 0.0,
      "leftHipRoll" : -0.20943951023931956,
      "leftHipPitch" : 0.3490658503988659,
      "leftKneePitch" : 0.3490658503988659,
      "leftFootPitch" : -0.06981317007977318,
      "leftFootRoll" : 0.20943951023931956,
      "rightShoulderPitch" : -0.0,
      "rightShoulderYaw" : 0.0,
      "rightArmRoll" : 0.0,
      "rightArmYaw" : 0.0,
      "rightHipYawpitch" : 0.0,
      "rightHipRoll" : -0.19198621771937624,
      "rightHipPitch" : -0.3490658503988659,
      "rightKneePitch" : 2.0943951023931953,
      "rightFootPitch" : -1.0122909661567112,
      "rightFootRoll" : 0.19198621771937624,
      "delta" : 0.02
    },
    {
      "neckYaw" : 0.0,
      "neckPitch" : 0.0,
      "leftShoulderPitch" : -0.0,
      "leftShoulderYaw" : 0.0,
      "leftArmRoll" : 0.0,
      "leftArmYaw" : 0.0,
      "leftHipYawpitch" : 0.0,
      "leftHipRoll" : -0.20943951023931956,
      "leftHipPitch" : 0.3490658503988659,
      "leftKneePitch" : 0.3490658503988659,
      "leftFootPitch" : -0.06981317007977318,
      "leftFootRoll" : 0.20943951023931956,
      "rightShoulderPitch" : -0.0,
      "rightShoulderYaw" : 0.0,
      "rightArmRoll" : 0.0,
      "rightArmYaw" : 0.0,
      "rightHipYawpitch" : 0.0,
      "rightHipRoll" : -0.19198621771937624,
      "rightHipPitch" : -0.3490658503988659,
      "rightKneePitch" : 2.0943951023931953,
      "rightFootPitch" : -1.0122909661567112,
      "rightFootRoll" : 0.19198621771937624,
      "delta" : 0.041
    },
    {
      "neckYaw" : 0.0,
      "neckPitch" : 0.0,
      "leftShoulderPitch" : -0.0,
      "leftShoulderYaw" : 0.0,
      "leftArmRoll" : 0.0,
      "leftArmYaw" : 0.0,
      "leftHipYawpitch" : 0.0,
      "leftHipRoll" : -0.20943951023931956,
      "leftHipPitch" : 0.3490658503988659,
      "leftKneePitch" : 0.3490658503988659,
      "leftFootPitch" : -0.06981317007977318,
      "leftFootRoll" : 0.20943951023931956,
      "rightShoulderPitch" : -0.0,
      "rightShoulderYaw" : 0.0,
      "rightArmRoll" : 0.0,
      "rightArmYaw" : 0.0,
      "rightHipYawpitch" : 0.0,
      "rightHipRoll" : -0.19198621771937624,
      "rightHipPitch" : -1.5533430342749532,
      "rightKneePitch" : 0.017453292519943295,
      "rightFootPitch" : 0.6981317007977318,
      "rightFootRoll" : 0.19198621771937624,
      "delta" : 0.02
    },
    {
      "neckYaw" : 0.0,
      "neckPitch" : 0.0,
      "leftShoulderPitch" : -0.0,
      "leftShoulderYaw" : 0.0,
      "leftArmRoll" : 0.0,
      "leftArmYaw" : 0.0,
      "leftHipYawpitch" : 0.0,
      "leftHipRoll" : -0.20943951023931956,
      "leftHipPitch" : 0.3490658503988659,
      "leftKneePitch" : 0.3490658503988659,
      "leftFootPitch" : -0.06981317007977318,
      "leftFootRoll" : 0.20943951023931956,
      "rightShoulderPitch" : -0.0,
      "rightShoulderYaw" : 0.0,
      "rightArmRoll" : 0.0,
      "rightArmYaw" : 0.0,
      "rightHipYawpitch" : 0.0,
      "rightHipRoll" : -0.19198621771937624,
      "rightHipPitch" : -1.5533430342749532,
      "rightKneePitch" : 0.017453292519943295,
      "rightFootPitch" : 0.6981317007977318,
      "rightFootRoll" : 0.19198621771937624,
      "delta" : 0.15
    },
    {
      "neckYaw" : 0.0,
      "neckPitch" : 0.0,
      "leftShoulderPitch" : -2.0943951023931953,
      "leftShoulderYaw" : 0.0,
      "leftArmRoll" : 0.0,
      "leftArmYaw" : 0.0,
      "leftHipYawpitch" : 0.0,
      "leftHipRoll" : -0.19198621771937624,
      "leftHipPitch" : -1.5707963267948966,
      "leftKneePitch" : 2.0943951023931953,
      "leftFootPitch" : -1.0471975511965976,
      "leftFootRoll" : 0.19198621771937624,
      "rightShoulderPitch" : -2.0943951023931953,
      "rightShoulderYaw" : 0.0,
      "rightArmRoll" : 0.0,
      "rightArmYaw" : 0.0,
      "rightHipYawpitch" : 0.0,
      "rightHipRoll" : -0.19198621771937624,
      "rightHipPitch" : -1.5707963267948966,
      "rightKneePitch" : 2.0943951023931953,
      "rightFootPitch" : -1.0471975511965976,
      "rightFootRoll" : 0.19198621771937624,
      "delta" : 0.115
    },
    {
      "neckYaw" : 0.0,
      "neckPitch" : 0.0,
      "leftShoulderPitch" : -2.0943951023931953,
      "leftShoulderYaw" : 0.0,
      "leftArmRoll" : 0.0,
      "leftArmYaw" : 0.0,
      "leftHipYawpitch" : 0.0,
      "leftHipRoll" : 0.0,
      "leftHipPitch" : -1.5707963267948966,
      "leftKneePitch" : 2.0943951023931953,
      "leftFootPitch" : -1.0471975511965976,
      "leftFootRoll" : 0.0,
      "rightShoulderPitch" : -2.0943951023931953,
      "rightShoulderYaw" : 0.0,
      "rightArmRoll" : 0.0,
      "rightArmYaw" : 0.0,
      "rightHipYawpitch" : 0.0,
      "rightHipRoll" : 0.0,
      "rightHipPitch" : -1.5707963267948966,
      "rightKneePitch" : 2.0943951023931953,
      "rightFootPitch" : -1.0471975511965976,
      "rightFootRoll" : 0.0,
      "delta" : 0.3
    },
    {
      "neckYaw" : 0.0,
      "neckPitch" : 0.0,
      "leftShoulderPitch" : 1.5707963267948966,
      "leftShoulderYaw" : 0.0,
      "leftArmRoll" : 0.0,
      "leftArmYaw" : 0.0,
      "leftHipYawpitch" : 0.0,
      "leftHipRoll" : 0.0,
      "leftHipPitch" : -0.2792526803190927,
      "leftKneePitch" : 0.5061454830783556,
      "leftFootPitch" : -0.4363323129985824,
      "leftFootRoll" : 0.0,
      "rightShoulderPitch" : 1.5707963267948966,
      "rightShoulderYaw" : 0.0,
      "rightArmRoll" : 0.0,