{
  "name" : "SuperKickRightT4",
  "speedRate" : 1,
  "interpolator" : "linear",
  "steps" : [
    {
      "neckYaw" : 0.0,
      "neckPitch" : 0.0,
      "leftShoulderPitch" : 0.8726646259971648,
      "leftShoulderYaw" : 0.0,
      "leftArmRoll" : 0.0,
      "leftArmYaw" : 0.0,
      "leftHipYawpitch" : 0.9140481278912023,
      "leftHipRoll" : -0.2896164454174351,
      "leftHipPitch" : -0.006054547175168329,
      "leftKneePitch" : -0.2878239922756369,
      "leftFootPitch" : 0.08212472262334118,
      "leftFootRoll" : 0.29559594343476764,
      "rightShoulderPitch" : 0.8726646259971648,
      "rightShoulderYaw" : 0.0,
      "rightArmRoll" : 0.0,
      "rightArmYaw" : 0.0,
      "rightHipYawpitch" : 0.05345419900083033,
      "rightHipRoll" : -0.2896164454174351,
      "rightHipPitch" : 0.723002642638651,
      "rightKneePitch" : 2.543642851856536,
      "rightFootPitch" : 0.8637529748364818,
      "rightFootRoll" : 0.1360763404609899,
      "delta" : 0.5
    },
    {
      "neckYaw" : 0.0,
      "neckPitch" : 0.0,
      "leftShoulderPitch" : 0.8726646259971648,
      "leftShoulderYaw" : 0.0,
      "leftArmRoll" : 0.0,
      "leftArmYaw" : 0.0,
      "leftHipYawpitch" : 0.9140481278912023,
      "leftHipRoll" : -0.2896164454174351,
      "leftHipPitch" : -0.006054547175168329,
      "leftKneePitch" : -0.2878239922756369,
      "leftFootPitch" : 0.08212472262334118,
      "leftFootRoll" : 0.29559594343476764,
      "rightShoulderPitch" : 0.8726646259971648,
      "rightShoulderYaw" : 0.0,
      "rightArmRoll" : 0.0,
      "rightArmYaw" : 0.0,
      "rightHipYawpitch" : 0.05345419900083033,
      "rightHipRoll" : -0.2896164454174351,
      "rightHipPitch" : 0.723002642638651,
      "rightKneePitch" : 2.543642851856536,
      "rightFootPitch" : 0.8637529748364818,
      "rightFootRoll" : 0.1360763404609899,
      "delta" : 0.1
    },
    {
      "neckYaw" : 0.0,
      "neckPitch" : 0.0,
      "leftShoulderPitch" : 2.0943951023931953,
      "leftShoulderYaw" : 0.0,
      "leftArmRoll" : 0.0,
      "leftArmYaw" : 0.0,
      "leftHipYawpitch" : -0.15960163344862147,
      "leftHipRoll" : -0.09669124056048586,
      "leftHipPitch" : 0.4148839618208241,
      "leftKneePitch" : 0.43988231269713884,
      "leftFootPitch" : 0.618673841271438,
      "leftFootRoll" : 0.29559594343476764,
      "rightShoulderPitch" : 2.0943951023931953,
      "rightShoulderYaw" : 0.0,
      "rightArmRoll" : 0.0,
      "rightArmYaw" : 0.0,
      "rightHipYawpitch" : 0.05345419900083033,
      "rightHipRoll" : -0.028707175536802732,
      "rightHipPitch" : -1.6352775160098272,
      "rightKneePitch" : -0.0061121430404841425,
      "rightFootPitch" : -0.03330088212805181,
      "rightFootRoll" : 0.1360763404609899,
      "delta" : 0.102
    },
    {
      "neckYaw" : 0.0,
      "neckPitch" : 0.0,
      "leftShoulderPitch" : 2.6179938779914944,
      "leftShoulderYaw" : 0.0,
      "leftArmRoll" : 0.0,
      "leftArmYaw" : 0.0,
      "leftHipYawpitch" : -0.15960163344862147,
      "leftHipRoll" : -0.09669124056048586,
      "leftHipPitch" : 0.4186311837248559,
      "leftKneePitch" : 1.1965383939727445,
      "leftFootPitch" : 0.6072122640735912,
      "leftFootRoll" : 0.29559594343476764,
      "rightShoulderPitch" : 2.6179938779914944,
      "rightShoulderYaw" : 0.0,
      "rightArmRoll" : 0.0,
      "rightArmYaw" : 0.0,
      "rightHipYawpitch" : -0.5895617493481726,
      "rightHipRoll" : -0.028707175536802732,
      "rightHipPitch" : -1.6352775160098272,
      "rightKneePitch" : -0.0061121430404841425,
      "rightFootPitch" : -0.8129918188714788,
      "rightFootRoll" : 0.1360763404609899,
      "delta" : 0.04
    },
    {
      "neckYaw" : 0.0,
      "neckPitch" : 0.0,
      "leftShoulderPitch" : 2.6179938779914944,
      "leftShoulderYaw" : 0.0,
      "leftArmRoll" : 0.0,
      "leftArmYaw" : 0.0,
      "leftHipYawpitch" : -0.15960163344862147,
      "leftHipRoll" : -0.09669124056048586,
      "leftHipPitch" : 0.4186311837248559,
      "leftKneePitch" : 1.1965383939727445,
      "leftFootPitch" : 0.6072122640735912,
      "leftFootRoll" : 0.29559594343476764,
      "rightShoulderPitch" : 2.6179938779914944,
      "rightShoulderYaw" : 0.0,
      "rightArmRoll" : 0.0,
      "rightArmYaw" : 0.0,
      "rightHipYawpitch" : -0.5895617493481726,
      "rightHipRoll" : -0.028707175536802732,
      "rightHipPitch" : -1.6352775160098272,
      "rightKneePitch" : -0.0061121430404841425,
      "rightFootPitch" : -0.8129918188714788,
      "rightFootRoll" : 0.1360763404609899,
      "delta" : 0.5
    }
  ]
}