{
  "name" : "SuperKickLeft62",
  "speedRate" : 1,
  "interpolator" : "linear",
  "steps" : [
    {
      "neckYaw" : 0.0,
      "neckPitch" : 0.0,
      "leftShoulderPitch" : 0.0,
      "leftShoulderYaw" : 0.0,
      "leftArmRoll" : 0.0,
      "leftArmYaw" : 0.0,
      "leftHipYawpitch" : 0.0,
      "leftHipRoll" : 0.19198621771937624,
      "leftHipPitch" : 0.0,
      "leftKneePitch" : 0.0,
      "leftFootPitch" : 0.0,
      "leftFootRoll" : -0.19198621771937624,
      "rightShoulderPitch" : 0.0,
      "rightShoulderYaw" : 0.0,
      "rightArmRoll" : 0.0,
      "rightArmYaw" : 0.0,
      "rightHipYawpitch" : 0.0,
      "rightHipRoll" : 0.19198621771937624,
      "rightHipPitch" : 0.0,
      "rightKneePitch" : 0.0,
      "rightFootPitch" : 0.0,
      "rightFootRoll" : -0.19198621771937624,
      "delta" : 0.5
    },
    {
      "neckYaw" : 0.0,
      "neckPitch" : 0.0,
      "leftShoulderPitch" : 0.0,
      "leftShoulderYaw" : 0.0,
      "leftArmRoll" : 0.0,
      "leftArmYaw" : 0.0,
      "leftHipYawpitch" : 0.0,
      "leftHipRoll" : 0.19198621771937624,
      "leftHipPitch" : -0.6981317007977318,
      "leftKneePitch" : 1.3962634015954636,
      "leftFootPitch" : -0.6981317007977318,
      "leftFootRoll" : -0.19198621771937624,
      "rightShoulderPitch" : 0.0,
      "rightShoulderYaw" : 0.0,
      "rightArmRoll" : 0.0,
      "rightArmYaw" : 0.0,
      "rightHipYawpitch" : 0.0,
      "rightHipRoll" : 0.19198621771937624,
      "rightHipPitch" : 0.0,
      "rightKneePitch" : 0.0,
      "rightFootPitch" : 0.0,
      "rightFootRoll" : -0.19198621771937624,
      "delta" : 0.5
    },
    {
      "neckYaw" : 0.0,
      "neckPitch" : 0.0,
      "leftShoulderPitch" : 0.0,
      "leftShoulderYaw" : 0.0,
      "leftArmRoll" : 0.0,
      "leftArmYaw" : 0.0,
      "leftHipYawpitch" : 0.0,
      "leftHipRoll" : 0.19198621771937624,
      "leftHipPitch" : 0.6981317007977318,
      "leftKneePitch" : 1.2217304763960306,
      "leftFootPitch" : -1.3089969389957472,
      "leftFootRoll" : -0.19198621771937624,
      "rightShoulderPitch" : 0.0,
      "rightShoulderYaw" : 0.0,
      "rightArmRoll" : 0.0,
      "rightArmYaw" : 0.0,
      "rightHipYawpitch" : 0.0,
      "rightHipRoll" : 0.20943951023931956,
      "rightHipPitch" : -0.5235987755982988,
      "rightKneePitch" : 0.017453292519943295,
      "rightFootPitch" : -0.08726646259971647,
      "rightFootRoll" : -0.20943951023931956,
      "delta" : 0.5
    },
    {
      "neckYaw" : 0.0,
      "neckPitch" : 0.0,
      "leftShoulderPitch" : -0.0,
      "leftShoulderYaw" : 0.0,
      "leftArmRoll" : 0.0,
      "leftArmYaw" : 0.0,
      "leftHipYawpitch" : 0.0,
      "leftHipRoll" : 0.19198621771937624,
      "leftHipPitch" : -0.3490658503988659,
      "leftKneePitch" : 2.0943951023931953,
      "leftFootPitch" : -1.0122909661567112,
      "leftFootRoll" : -0.19198621771937624,
      "rightShoulderPitch" : -0.0,
      "rightShoulderYaw" : 0.0,
      "rightArmRoll" : 0.0,
      "rightArmYaw" : 0.0,
      "rightHipYawpitch" : 0.0,
      "rightHipRoll" : 0.20943951023931956,
      "rightHipPitch" : 0.3490658503988659,
      "rightKneePitch" : 0.3490658503988659,
      "rightFootPitch" : -0.08726646259971647,
      "rightFootRoll" : -0.20943951023931956,
      "delta" : 0.02
    },
    {
      "neckYaw" : 0.0,
      "neckPitch" : 0.0,
      "leftShoulderPitch" : -0.0,
      "leftShoulderYaw" : 0.0,
      "leftArmRoll" : 0.0,
      "leftArmYaw" : 0.0,
      "leftHipYawpitch" : 0.0,
      "leftHipRoll" : 0.19198621771937624,
      "leftHipPitch" : -0.3490658503988659,
      "leftKneePitch" : 2.0943951023931953,
      "leftFootPitch" : -1.0122909661567112,
      "leftFootRoll" : -0.19198621771937624,
      "rightShoulderPitch" : -0.0,
      "rightShoulderYaw" : 0.0,
      "rightArmRoll" : 0.0,
      "rightArmYaw" : 0.0,
      "rightHipYawpitch" : 0.0,
      "rightHipRoll" : 0.20943951023931956,
      "rightHipPitch" : 0.3490658503988659,
      "rightKneePitch" : 0.3490658503988659,
      "rightFootPitch" : -0.08726646259971647,
      "rightFootRoll" : -0.20943951023931956,
      "delta" : 0.041
    },
    {
      "neckYaw" : 0.0,
      "neckPitch" : 0.0,
      "leftShoulderPitch" : -0.0,
      "leftShoulderYaw" : 0.0,
      "leftArmRoll" : 0.0,
      "leftArmYaw" : 0.0,
      "leftHipYawpitch" : 0.0,
      "leftHipRoll" : 0.19198621771937624,
      "leftHipPitch" : -1.5533430342749532,
      "leftKneePitch" : 0.017453292519943295,
      "leftFootPitch" : 0.6981317007977318,
      "leftFootRoll" : -0.19198621771937624,
      "rightShoulderPitch" : -0.0,
      "rightShoulderYaw" : 0.0,
      "rightArmRoll" : 0.0,
      "rightArmYaw" : 0.0,
      "rightHipYawpitch" : 0.0,
      "rightHipRoll" : 0.20943951023931956,
      "rightHipPitch" : 0.3490658503988659,
      "rightKneePitch" : 0.3490658503988659,
      "rightFootPitch" : -0.08726646259971647,
      "rightFootRoll" : -0.20943951023931956,
      "delta" : 0.02
    },
    {
      "neckYaw" : 0.0,
      "neckPitch" : 0.0,
      "leftShoulderPitch" : -0.0,
      "leftShoulderYaw" : 0.0,
      "leftArmRoll" : 0.0,
      "leftArmYaw" : 0.0,
      "leftHipYawpitch" : 0.0,
      "leftHipRoll" : 0.19198621771937624,
      "leftHipPitch" : -1.5533430342749532,
      "leftKneePitch" : 0.017453292519943295,
      "leftFootPitch" : 0.6981317007977318,
      "leftFootRoll" : -0.19198621771937624,
      "rightShoulderPitch" : -0.0,
      "rightShoulderYaw" : 0.0,
      "rightArmRoll" : 0.0,
      "rightArmYaw" : 0.0,
      "rightHipYawpitch" : 0.0,
      "rightHipRoll" : 0.20943951023931956,
      "rightHipPitch" : 0.3490658503988659,
      "rightKneePitch" : 0.3490658503988659,
      "rightFootPitch" : -0.08726646259971647,
      "rightFootRoll" : -0.20943951023931956,
      "delta" : 10.0
    },
    {
      "neckYaw" : 0.0,
      "neckPitch" : 0.0,
      "leftShoulderPitch" : -0.0,
      "leftShoulderYaw" : 0.0,
      "leftArmRoll" : 0.0,
      "leftArmYaw" : 0.0,
      "leftHipYawpitch" : 0.0,
      "leftHipRoll" : 0.17453292519943295,
      "leftHipPitch" : -0.6981317007977318,
      "leftKneePitch" : 1.3962634015954636,
      "leftFootPitch" : -0.6981317007977318,
      "leftFootRoll" : -0.17453292519943295,
      "rightShoulderPitch" : -0.0,
      "rightShoulderYaw" : 0.0,
      "rightArmRoll" : 0.0,
      "rightArmYaw" : 0.0,
      "rightHipYawpitch" : 0.0,
      "rightHipRoll" : 0.20943951023931956,
      "rightHipPitch" : -0.0,
      "rightKneePitch" : 0.3490658503988659,
      "rightFootPitch" : -0.08726646259971647,
      "rightFootRoll" : -0.20943951023931956,
      "delta" : 0.7
    },
    {
      "neckYaw" : 0.0,
      "neckPitch" : 0.0,
      "leftShoulderPitch" : -0.0,
      "leftShoulderYaw" : 0.0,
      "leftArmRoll" : 0.0,
      "leftArmYaw" : 0.0,
      "leftHipYawpitch" : 0.0,
      "leftHipRoll" : 0.17453292519943295,
      "leftHipPitch" : -0.0,
      "leftKneePitch" : -0.0,
      "leftFootPitch" : -0.0,
      "leftFootRoll" : -0.17453292519943295,
      "rightShoulderPitch" : -0.0,
      "rightShoulderYaw" : 0.0,
      "rightArmRoll" : 0.0,
      "rightArmYaw" : 0.0,
      "rightHipYawpitch" : 0.0,
      "rightHipRoll" : 0.20943951023931956,
      "rightHipPitch" : -0.0,
      "rightKneePitch" : 0.3490658503988659,
      "rightFootPitch" : -0.08726646259971647,
      "rightFootRoll" : -0.20943951023931956,
      "delta" : 1.0
    },
    {
      "neckYaw" : 0.0,
      "neckPitch" : 0.0,
      "leftShoulderPitch" : -0.0,
      "leftShoulderYaw" : 0.0,
      "leftArmRoll" : 0.0,
      "leftArmYaw" : 0.0,
      "leftHipYawpitch" : 0.0,
      "leftHipRoll" : 0.0,
      "leftHipPitch" : -0.0,
      "leftKneePitch" : -0.0,
      "leftFootPitch" : -0.0,
      "leftFootRoll" : 0.0,
      "rightShoulderPitch" : -0.0,
      "rightShoulderYaw" : 0.0,
      "rightArmRoll" : 0.0,
      "rightArmYaw" : 0.0,
      "rightHipYawpitch" : 0.0,
      "rightHipRoll" : 0.0,
      "rightHipPitch" : -0.0,
      "rightKneePitch" : 0.3490658503988659,