{
  "name" : "FallToRight2",
  "speedRate" : 1,
  "interpolator" : "linear",
  "steps" : [
    {
      "neckYaw" : 0.0,
      "neckPitch" : 0.0,
      "leftShoulderPitch" : 1.5707963267948966,
      "leftShoulderYaw" : -1.5707963267948966,
      "leftArmRoll" : 0.0,
      "leftArmYaw" : 0.0,
      "leftHipYawpitch" : 1.7802358370342162,
      "leftHipRoll" : 1.1693705988362009,
      "leftHipPitch" : 0.7504915783575618,
      "leftKneePitch" : 0.0,
      "leftFootPitch" : -0.0,
      "leftFootRoll" : -1.5707963267948966,
      "rightShoulderPitch" : -1.5707963267948966,
      "rightShoulderYaw" : 0.0,
      "rightArmRoll" : 0.0,
      "rightArmYaw" : 0.0,
      "rightHipYawpitch" : 0.0,
      "rightHipRoll" : 0.5235987755982988,
      "rightHipPitch" : -1.718102115663218,
      "rightKneePitch" : 2.5539402944433025,
      "rightFootPitch" : -2.2863813201125716,
      "rightFootRoll" : 0.0,
      "delta" : 0.06
    },
    {
      "neckYaw" : 0.0,
      "neckPitch" : 0.0,
      "leftShoulderPitch" : 1.5707963267948966,
      "leftShoulderYaw" : -1.5707963267948966,
      "leftArmRoll" : 0.0,
      "leftArmYaw" : 0.0,
      "leftHipYawpitch" : 1.7802358370342162,
      "leftHipRoll" : 1.1693705988362009,
      "leftHipPitch" : 0.7504915783575618,
      "leftKneePitch" : 0.0,
      "leftFootPitch" : -0.0,
      "leftFootRoll" : -1.5707963267948966,
      "rightShoulderPitch" : -1.5707963267948966,
      "rightShoulderYaw" : 0.0,
      "rightArmRoll" : 0.0,
      "rightArmYaw" : 0.0,
      "rightHipYawpitch" : 0.0,
      "rightHipRoll" : 0.5235987755982988,
      "rightHipPitch" : -1.718102115663218,
      "rightKneePitch" : 2.5539402944433025,
      "rightFootPitch" : -2.2863813201125716,
      "rightFootRoll" : 0.0,
      "delta" : 0.06
    },
    {
      "neckYaw" : 0.0,
      "neckPitch" : 0.0,
      "leftShoulderPitch" : 1.5707963267948966,
      "leftShoulderYaw" : -1.5707963267948966,
      "leftArmRoll" : 0.0,
      "leftArmYaw" : 0.0,
      "leftHipYawpitch" : 1.7802358370342162,
      "leftHipRoll" : 0.9948376736367679,
      "leftHipPitch" : 0.7504915783575618,
      "leftKneePitch" : 0.0,
      "leftFootPitch" : -0.0,
      "leftFootRoll" : -1.5707963267948966,
      "rightShoulderPitch" : -1.5707963267948966,
      "rightShoulderYaw" : 0.0,
      "rightArmRoll" : 0.0,
      "rightArmYaw" : 0.0,
      "rightHipYawpitch" : 0.0,
      "rightHipRoll" : 0.5235987755982988,
      "rightHipPitch" : -1.718102115663218,
      "rightKneePitch" : 2.5539402944433025,
      "rightFootPitch" : -2.2863813201125716,
      "rightFootRoll" : 0.0,
      "delta" : 0.06
    },
    {
      "neckYaw" : 0.0,
      "neckPitch" : 0.0,
      "leftShoulderPitch" : 1.5707963267948966,
      "leftShoulderYaw" : -1.5707963267948966,
      "leftArmRoll" : 0.0,
      "leftArmYaw" : 0.0,
      "leftHipYawpitch" : 1.7802358370342162,
      "leftHipRoll" : 0.9948376736367679,
      "leftHipPitch" : 0.7504915783575618,
      "leftKneePitch" : 0.0,
      "leftFootPitch" : -0.0,
      "leftFootRoll" : -1.5707963267948966,
      "rightShoulderPitch" : -1.5707963267948966,
      "rightShoulderYaw" : 0.0,
      "rightArmRoll" : 0.0,
      "rightArmYaw" : 0.0,
      "rightHipYawpitch" : 0.0,
      "rightHipRoll" : 0.5235987755982988,
      "rightHipPitch" : -1.718102115663218,
      "rightKneePitch" : 2.5539402944433025,
      "rightFootPitch" : -2.2863813201125716,
      "rightFootRoll" : 0.0,
      "delta" : 0.2
    },
    {
      "neckYaw" : 0.0,
      "neckPitch" : 0.0,
      "leftShoulderPitch" : 1.5707963267948966,
      "leftShoulderYaw" : -1.5707963267948966,
      "leftArmRoll" : 0.0,
      "leftArmYaw" : 0.0,
      "leftHipYawpitch" : 1.7802358370342162,
      "leftHipRoll" : 0.9948376736367679,
      "leftHipPitch" : 0.9599310885968813,
      "leftKneePitch" : 0.0,
      "leftFootPitch" : -0.0,
      "leftFootRoll" : -1.5707963267948966,
      "rightShoulderPitch" : -1.5707963267948966,
      "rightShoulderYaw" : 0.0,
      "rightArmRoll" : 0.0,
      "rightArmYaw" : 0.0,
      "rightHipYawpitch" : 0.0,
      "rightHipRoll" : 0.5235987755982988,
      "rightHipPitch" : -0.0,
      "rightKneePitch" : -0.0,
      "rightFootPitch" : -2.2863813201125716,
      "rightFootRoll" : 0.0,
      "delta" : 0.1
    },
    {
      "neckYaw" : 0.0,
      "neckPitch" : 0.0,
      "leftShoulderPitch" : 1.5707963267948966,
      "leftShoulderYaw" : -1.5707963267948966,
      "leftArmRoll" : 0.0,
      "leftArmYaw" : 0.0,
      "leftHipYawpitch" : 1.7802358370342162,
      "leftHipRoll" : 0.9948376736367679,
      "leftHipPitch" : 0.9599310885968813,
      "leftKneePitch" : 0.0,
      "leftFootPitch" : -0.0,
      "leftFootRoll" : -1.5707963267948966,
      "rightShoulderPitch" : -1.5707963267948966,
      "rightShoulderYaw" : 0.0,
      "rightArmRoll" : 0.0,
      "rightArmYaw" : 0.0,
      "rightHipYawpitch" : 0.0,
      "rightHipRoll" : 0.5235987755982988,
      "rightHipPitch" : -0.0,
      "rightKneePitch" : -0.0,
      "rightFootPitch" : -2.2863813201125716,
      "rightFootRoll" : 0.0,
      "delta" : 0.5
    },
    {
      "neckYaw" : 0.0,
      "neckPitch" : 0.0,
      "leftShoulderPitch" : 1.5707963267948966,
      "leftShoulderYaw" : 0.0,
      "leftArmRoll" : 0.0,
      "leftArmYaw" : 0.0,
      "leftHipYawpitch" : -0.0,
      "leftHipRoll" : 0.0,
      "leftHipPitch" : -0.0,
      "leftKneePitch" : -0.0,
      "leftFootPitch" : -0.0,
      "leftFootRoll" : 0.0,
      "rightShoulderPitch" : -1.5707963267948966,
      "rightShoulderYaw" : 0.0,
      "rightArmRoll" : 0.0,
      "rightArmYaw" : 0.0,
      "rightHipYawpitch" : 0.0,
      "rightHipRoll" : 0.0,
      "rightHipPitch" : -0.0,
      "rightKneePitch" : -0.0,
      "rightFootPitch" : -0.0,
      "rightFootRoll" : 0.0,
      "delta" : 0.2
    },
    {
      "neckYaw" : 0.0,
      "neckPitch" : 0.0,
      "leftShoulderPitch" : 1.5707963267948966,
      "leftShoulderYaw" : 0.0,
      "leftArmRoll" : 0.0,
      "leftArmYaw" : 0.0,
      "leftHipYawpitch" : -0.0,
      "leftHipRoll" : 0.0,
      "leftHipPitch" : -0.0,
      "leftKneePitch" : -0.0,
      "leftFootPitch" : -0.0,
      "leftFootRoll" : 0.0,
      "rightShoulderPitch" : -1.5707963267948966,
      "rightShoulderYaw" : 0.0,
      "rightArmRoll" : 0.0,
      "rightArmYaw" : 0.0,
      "rightHipYawpitch" : 0.0,
      "rightHipRoll" : 0.0,
      "rightHipPitch" : -0.0,
      "rightKneePitch" : -0.0,
      "rightFootPitch" : -0.0,
      "rightFootRoll" : 0.0,
      "delta" : 0.1
    }
  ]
}