{
  "name" : "FastKickLeft",
  "speedRate" : 1,
  "interpolator" : "linear",
  "steps" : [
    {
      "neckYaw" : 0.0,
      "neckPitch" : 0.0,
      "leftShoulderPitch" : 1.5707963267948966,
      "leftShoulderYaw" : 0.0,
      "leftArmRoll" : 0.0,
      "leftArmYaw" : 0.0,
      "leftHipYawpitch" : -0.0,
      "leftHipRoll" : 0.0,
      "leftHipPitch" : -0.2792526803190927,
      "leftKneePitch" : 0.5061454830783556,
      "leftFootPitch" : -0.4363323129985824,
      "leftFootRoll" : 0.0,
      "rightShoulderPitch" : 1.5707963267948966,
      "rightShoulderYaw" : 0.0,
      "rightArmRoll" : 0.0,
      "rightArmYaw" : 0.0,
      "rightHipYawpitch" : 0.0,
      "rightHipRoll" : 0.0,
      "rightHipPitch" : -0.2792526803190927,
      "rightKneePitch" : 0.5061454830783556,
      "rightFootPitch" : -0.4363323129985824,
      "rightFootRoll" : 0.0,
      "delta" : 0.3
    },
    {
      "neckYaw" : 0.0,
      "neckPitch" : 0.0,
      "leftShoulderPitch" : 1.5707963267948966,
      "leftShoulderYaw" : 0.0,
      "leftArmRoll" : 0.0,
      "leftArmYaw" : 0.0,
      "leftHipYawpitch" : -0.0,
      "leftHipRoll" : 0.0,
      "leftHipPitch" : -0.2792526803190927,
      "leftKneePitch" : 0.5061454830783556,
      "leftFootPitch" : -0.4363323129985824,
      "leftFootRoll" : 0.0,
      "rightShoulderPitch" : 1.5707963267948966,
      "rightShoulderYaw" : 0.0,
      "rightArmRoll" : 0.0,
      "rightArmYaw" : 0.0,
      "rightHipYawpitch" : 0.0,
      "rightHipRoll" : 0.0,
      "rightHipPitch" : -0.2792526803190927,
      "rightKneePitch" : 0.5061454830783556,
      "rightFootPitch" : -0.4363323129985824,
      "rightFootRoll" : 0.0,
      "delta" : 0.07
    },
    {
      "neckYaw" : 0.0,
      "neckPitch" : 0.0,
      "leftShoulderPitch" : 1.5707963267948966,
      "leftShoulderYaw" : 0.0,
      "leftArmRoll" : 0.0,
      "leftArmYaw" : 0.0,
      "leftHipYawpitch" : -0.0,
      "leftHipRoll" : 0.19198621771937624,
      "leftHipPitch" : -0.2792526803190927,
      "leftKneePitch" : 0.5061454830783556,
      "leftFootPitch" : -0.4363323129985824,
      "leftFootRoll" : -0.19198621771937624,
      "rightShoulderPitch" : 1.5707963267948966,
      "rightShoulderYaw" : 0.0,
      "rightArmRoll" : 0.0,
      "rightArmYaw" : 0.0,
      "rightHipYawpitch" : 0.0,
      "rightHipRoll" : 0.19198621771937624,
      "rightHipPitch" : -0.2792526803190927,
      "rightKneePitch" : 0.5061454830783556,
      "rightFootPitch" : -0.4363323129985824,
      "rightFootRoll" : -0.19198621771937624,
      "delta" : 0.4
    },
    {
      "neckYaw" : 0.0,
      "neckPitch" : 0.0,
      "leftShoulderPitch" : 1.5707963267948966,
      "leftShoulderYaw" : 0.0,
      "leftArmRoll" : 0.0,
      "leftArmYaw" : 0.0,
      "leftHipYawpitch" : -0.0,
      "leftHipRoll" : 0.19198621771937624,
      "leftHipPitch" : -0.3665191429188092,
      "leftKneePitch" : 0.6806784082777885,
      "leftFootPitch" : -0.5235987755982988,
      "leftFootRoll" : -0.19198621771937624,
      "rightShoulderPitch" : 1.5707963267948966,
      "rightShoulderYaw" : 0.0,
      "rightArmRoll" : 0.0,
      "rightArmYaw" : 0.0,
      "rightHipYawpitch" : 0.0,
      "rightHipRoll" : 0.19198621771937624,
      "rightHipPitch" : -0.2792526803190927,
      "rightKneePitch" : 0.5061454830783556,
      "rightFootPitch" : -0.4363323129985824,
      "rightFootRoll" : -0.19198621771937624,
      "delta" : 0.2
    },
    {
      "neckYaw" : 0.0,
      "neckPitch" : 0.0,
      "leftShoulderPitch" : -0.0,
      "leftShoulderYaw" : 0.0,
      "leftArmRoll" : 0.0,
      "leftArmYaw" : 0.0,
      "leftHipYawpitch" : -0.017453292519943295,
      "leftHipRoll" : 0.19198621771937624,
      "leftHipPitch" : -0.3490658503988659,
      "leftKneePitch" : 2.0943951023931953,
      "leftFootPitch" : -1.0122909661567112,
      "leftFootRoll" : -0.19198621771937624,
      "rightShoulderPitch" : -0.0,
      "rightShoulderYaw" : 0.0,
      "rightArmRoll" : 0.0,
      "rightArmYaw" : 0.0,
      "rightHipYawpitch" : 0.016601519485092503,
      "rightHipRoll" : 0.20943951023931956,
      "rightHipPitch" : 0.3490658503988659,
      "rightKneePitch" : 0.3667460357215685,
      "rightFootPitch" : -0.18329273271519247,
      "rightFootRoll" : -0.20943951023931956,
      "delta" : 0.02
    },
    {
      "neckYaw" : 0.0,
      "neckPitch" : 0.0,
      "leftShoulderPitch" : -0.0,
      "leftShoulderYaw" : 0.0,
      "leftArmRoll" : 0.0,
      "leftArmYaw" : 0.0,
      "leftHipYawpitch" : -0.017453292519943295,
      "leftHipRoll" : 0.19198621771937624,
      "leftHipPitch" : -0.3490658503988659,
      "leftKneePitch" : 2.0943951023931953,
      "leftFootPitch" : -1.0122909661567112,
      "leftFootRoll" : -0.19198621771937624,
      "rightShoulderPitch" : -0.0,
      "rightShoulderYaw" : 0.0,
      "rightArmRoll" : 0.0,
      "rightArmYaw" : 0.0,
      "rightHipYawpitch" : 0.016601519485092503,
      "rightHipRoll" : 0.20943951023931956,
      "rightHipPitch" : 0.3490658503988659,
      "rightKneePitch" : 0.3667460357215685,
      "rightFootPitch" : -0.18329273271519247,
      "rightFootRoll" : -0.20943951023931956,
      "delta" : 0.041
    },
    {
      "neckYaw" : 0.0,
      "neckPitch" : 0.0,
      "leftShoulderPitch" : -0.0,
      "leftShoulderYaw" : 0.0,
      "leftArmRoll" : 0.0,
      "leftArmYaw" : 0.0,
      "leftHipYawpitch" : -0.026248006620742722,
      "leftHipRoll" : 0.19198621771937624,
      "leftHipPitch" : -1.5533430342749532,
      "leftKneePitch" : 0.017453292519943295,
      "leftFootPitch" : 0.7853981633974483,
      "leftFootRoll" : -0.19198621771937624,
      "rightShoulderPitch" : -0.0,
      "rightShoulderYaw" : 0.0,
      "rightArmRoll" : 0.0,
      "rightArmYaw" : 0.0,
      "rightHipYawpitch" : 0.0,
      "rightHipRoll" : 0.20943951023931956,
      "rightHipPitch" : 0.3490658503988659,
      "rightKneePitch" : 0.3490658503988659,
      "rightFootPitch" : -0.18329273271519247,
      "rightFootRoll" : -0.22029545818672427,
      "delta" : 0.02
    },
    {
      "neckYaw" : 0.0,
      "neckPitch" : 0.0,
      "leftShoulderPitch" : -0.0,
      "leftShoulderYaw" : 0.0,
      "leftArmRoll" : 0.0,
      "leftArmYaw" : 0.0,
      "leftHipYawpitch" : -0.026248006620742722,
      "leftHipRoll" : 0.19198621771937624,
      "leftHipPitch" : -1.5533430342749532,
      "leftKneePitch" : 0.017453292519943295,
      "leftFootPitch" : 0.7853981633974483,
      "leftFootRoll" : -0.19198621771937624,
      "rightShoulderPitch" : -0.0,
      "rightShoulderYaw" : 0.0,
      "rightArmRoll" : 0.0,
      "rightArmYaw" : 0.0,
      "rightHipYawpitch" : 0.0,
      "rightHipRoll" : 0.20943951023931956,
      "rightHipPitch" : 0.3490658503988659,
      "rightKneePitch" : 0.3490658503988659,
      "rightFootPitch" : -0.18329273271519247,
      "rightFootRoll" : -0.22029545818672427,
      "delta" : 0.15
    },
    {
      "neckYaw" : 0.0,
      "neckPitch" : 0.0,
      "leftShoulderPitch" : 1.5707963267948966,
      "leftShoulderYaw" : 0.0,
      "leftArmRoll" : 0.0,
      "leftArmYaw" : 0.0,
      "leftHipYawpitch" : -0.0,
      "leftHipRoll" : 0.0,
      "leftHipPitch" : -0.0,
      "leftKneePitch" : -0.0,
      "leftFootPitch" : -0.0,
      "leftFootRoll" : 0.0,
      "rightShoulderPitch" : 1.5707963267948966,
      "rightShoulderYaw" : 0.0,
      "rightArmRoll" : 0.0,
      "rightArmYaw" : 0.0,
      "rightHipYawpitch" : 0.0,
      "rightHipRoll" : 0.0,
      "rightHipPitch" : -0.7853981633974483,
      "rightKneePitch" : 1.5707963267948966,
      "rightFootPitch" : -0.7853981633974483,
      "rightFootRoll" : 0.0,
      "delta" : 0.18
    },
    {
      "neckYaw" : 0.0,
      "neckPitch" : 0.0,
      "leftShoulderPitch" : 1.5707963267948966,
      "leftShoulderYaw" : 0.0,
      "leftArmRoll" : 0.0,
      "leftArmYaw" : 0.0,
      "leftHipYawpitch" : -0.0,
      "leftHipRoll" : 0.0,
      "leftHipPitch" : -0.49637163926718736,
      "leftKneePitch" : 0.8086110424489729,
      "leftFootPitch" : -0.4537856055185257,
      "leftFootRoll" : 0.0,