{
  "name" : "FiveMeterKickRight",
  "speedRate" : 1,
  "interpolator" : "linear",
  "steps" : [
    {
      "neckYaw" : 0.0,
      "neckPitch" : 0.0,
      "leftShoulderPitch" : 1.5707963267948966,
      "leftShoulderYaw" : 0.0,
      "leftArmRoll" : 0.0,
      "leftArmYaw" : 0.0,
      "leftHipYawpitch" : -0.0,
      "leftHipRoll" : 0.0,
      "leftHipPitch" : -0.49637163926718736,
      "leftKneePitch" : 0.8086110424489729,
      "leftFootPitch" : -0.4537856055185257,
      "leftFootRoll" : 0.0,
      "rightShoulderPitch" : 1.5707963267948966,
      "rightShoulderYaw" : 0.0,
      "rightArmRoll" : 0.0,
      "rightArmYaw" : 0.0,
      "rightHipYawpitch" : 0.0,
      "rightHipRoll" : 0.0,
      "rightHipPitch" : -0.49637163926718736,
      "rightKneePitch" : 0.8086110424489729,
      "rightFootPitch" : -0.4537856055185257,
      "rightFootRoll" : 0.0,
      "delta" : 0.2
    },
    {
      "neckYaw" : 0.0,
      "neckPitch" : 0.0,
      "leftShoulderPitch" : 1.5707963267948966,
      "leftShoulderYaw" : 0.0,
      "leftArmRoll" : 0.0,
      "leftArmYaw" : 0.0,
      "leftHipYawpitch" : -0.0,
      "leftHipRoll" : 0.0,
      "leftHipPitch" : -0.49637163926718736,
      "leftKneePitch" : 0.8086110424489729,
      "leftFootPitch" : -0.4537856055185257,
      "leftFootRoll" : 0.0,
      "rightShoulderPitch" : 1.5707963267948966,
      "rightShoulderYaw" : 0.0,
      "rightArmRoll" : 0.0,
      "rightArmYaw" : 0.0,
      "rightHipYawpitch" : 0.0,
      "rightHipRoll" : 0.0,
      "rightHipPitch" : -0.49637163926718736,
      "rightKneePitch" : 0.8086110424489729,
      "rightFootPitch" : -0.4537856055185257,
      "rightFootRoll" : 0.0,
      "delta" : 0.07
    },
    {
      "neckYaw" : 0.0,
      "neckPitch" : 0.0,
      "leftShoulderPitch" : 1.5707963267948966,
      "leftShoulderYaw" : 0.0,
      "leftArmRoll" : 0.0,
      "leftArmYaw" : 0.0,
      "leftHipYawpitch" : -0.0,
      "leftHipRoll" : -0.19198621771937624,
      "leftHipPitch" : -0.49637163926718736,
      "leftKneePitch" : 0.8086110424489729,
      "leftFootPitch" : -0.4537856055185257,
      "leftFootRoll" : 0.19198621771937624,
      "rightShoulderPitch" : 1.5707963267948966,
      "rightShoulderYaw" : 0.0,
      "rightArmRoll" : 0.0,
      "rightArmYaw" : 0.0,
      "rightHipYawpitch" : 0.0,
      "rightHipRoll" : -0.19198621771937624,
      "rightHipPitch" : -0.49637163926718736,
      "rightKneePitch" : 0.8086110424489729,
      "rightFootPitch" : -0.4537856055185257,
      "rightFootRoll" : 0.19198621771937624,
      "delta" : 0.4
    },
    {
      "neckYaw" : 0.0,
      "neckPitch" : 0.0,
      "leftShoulderPitch" : 1.5707963267948966,
      "leftShoulderYaw" : 0.0,
      "leftArmRoll" : 0.0,
      "leftArmYaw" : 0.0,
      "leftHipYawpitch" : -0.0,
      "leftHipRoll" : -0.19198621771937624,
      "leftHipPitch" : -0.49637163926718736,
      "leftKneePitch" : 0.8086110424489729,
      "leftFootPitch" : -0.4537856055185257,
      "leftFootRoll" : 0.19198621771937624,
      "rightShoulderPitch" : 1.5707963267948966,
      "rightShoulderYaw" : 0.0,
      "rightArmRoll" : 0.0,
      "rightArmYaw" : 0.0,
      "rightHipYawpitch" : 0.0,
      "rightHipRoll" : -0.19198621771937624,
      "rightHipPitch" : -0.5759586531581288,
      "rightKneePitch" : 0.9773843811168246,
      "rightFootPitch" : -0.5410520681182421,
      "rightFootRoll" : 0.19198621771937624,
      "delta" : 0.2
    },
    {
      "neckYaw" : 0.0,
      "neckPitch" : 0.0,
      "leftShoulderPitch" : 1.5707963267948966,
      "leftShoulderYaw" : 0.0,
      "leftArmRoll" : 0.0,
      "leftArmYaw" : 0.0,
      "leftHipYawpitch" : -0.0,
      "leftHipRoll" : -0.20943951023931956,
      "leftHipPitch" : -0.6245364022288868,
      "leftKneePitch" : 0.002303084121054157,
      "leftFootPitch" : -0.18329273271519247,
      "leftFootRoll" : 0.20943951023931956,
      "rightShoulderPitch" : 1.5707963267948966,
      "rightShoulderYaw" : 0.0,
      "rightArmRoll" : 0.0,
      "rightArmYaw" : 0.0,
      "rightHipYawpitch" : 0.0,
      "rightHipRoll" : -0.19198621771937624,
      "rightHipPitch" : 0.4046842576721692,
      "rightKneePitch" : 1.229018971352359,
      "rightFootPitch" : -1.3175385803550075,
      "rightFootRoll" : 0.19198621771937624,
      "delta" : 2.47
    },
    {
      "neckYaw" : 0.0,
      "neckPitch" : 0.0,
      "leftShoulderPitch" : -0.0,
      "leftShoulderYaw" : 0.0,
      "leftArmRoll" : 0.0,
      "leftArmYaw" : 0.0,
      "leftHipYawpitch" : -0.0,
      "leftHipRoll" : -0.20943951023931956,
      "leftHipPitch" : 0.3490658503988659,
      "leftKneePitch" : 0.3490658503988659,
      "leftFootPitch" : -0.18329273271519247,
      "leftFootRoll" : 0.20943951023931956,
      "rightShoulderPitch" : -0.0,
      "rightShoulderYaw" : 0.0,
      "rightArmRoll" : 0.0,
      "rightArmYaw" : 0.0,
      "rightHipYawpitch" : 0.025586526834236872,
      "rightHipRoll" : -0.19198621771937624,
      "rightHipPitch" : -0.3490658503988659,
      "rightKneePitch" : 2.0943951023931953,
      "rightFootPitch" : -1.0122909661567112,
      "rightFootRoll" : 0.19198621771937624,
      "delta" : 0.02
    },
    {
      "neckYaw" : 0.0,
      "neckPitch" : 0.0,
      "leftShoulderPitch" : -0.0,
      "leftShoulderYaw" : 0.0,
      "leftArmRoll" : 0.0,
      "leftArmYaw" : 0.0,
      "leftHipYawpitch" : -0.0,
      "leftHipRoll" : -0.20943951023931956,
      "leftHipPitch" : 0.3490658503988659,
      "leftKneePitch" : 0.3490658503988659,
      "leftFootPitch" : -0.18329273271519247,
      "leftFootRoll" : 0.20943951023931956,
      "rightShoulderPitch" : -0.0,
      "rightShoulderYaw" : 0.0,
      "rightArmRoll" : 0.0,
      "rightArmYaw" : 0.0,
      "rightHipYawpitch" : 0.025586526834236872,
      "rightHipRoll" : -0.19198621771937624,
      "rightHipPitch" : -1.5533430342749532,
      "rightKneePitch" : 0.017453292519943295,
      "rightFootPitch" : 1.3962634015954636,
      "rightFootRoll" : 0.19198621771937624,
      "delta" : 0.02
    },
    {
      "neckYaw" : 0.0,
      "neckPitch" : 0.0,
      "leftShoulderPitch" : 1.5707963267948966,
      "leftShoulderYaw" : 0.0,
      "leftArmRoll" : 0.0,
      "leftArmYaw" : 0.0,
      "leftHipYawpitch" : -0.0,
      "leftHipRoll" : 0.0,
      "leftHipPitch" : -0.7853981633974483,
      "leftKneePitch" : 1.5707963267948966,
      "leftFootPitch" : -0.7853981633974483,
      "leftFootRoll" : 0.0,
      "rightShoulderPitch" : 1.5707963267948966,
      "rightShoulderYaw" : 0.0,
      "rightArmRoll" : 0.0,
      "rightArmYaw" : 0.0,
      "rightHipYawpitch" : 0.0,
      "rightHipRoll" : 0.0,
      "rightHipPitch" : -0.0,
      "rightKneePitch" : -0.0,
      "rightFootPitch" : -0.0,
      "rightFootRoll" : 0.0,
      "delta" : 0.18
    },
    {
      "neckYaw" : 0.0,
      "neckPitch" : 0.0,
      "leftShoulderPitch" : 1.5707963267948966,
      "leftShoulderYaw" : 0.0,
      "leftArmRoll" : 0.0,
      "leftArmYaw" : 0.0,
      "leftHipYawpitch" : -0.0,
      "leftHipRoll" : 0.0,
      "leftHipPitch" : -0.2792526803190927,
      "leftKneePitch" : 0.5061454830783556,
      "leftFootPitch" : -0.4363323129985824,
      "leftFootRoll" : 0.0,
      "rightShoulderPitch" : 1.5707963267948966,
      "rightShoulderYaw" : 0.0,
      "rightArmRoll" : 0.0,
      "rightArmYaw" : 0.0,
      "rightHipYawpitch" : 0.0,
      "rightHipRoll" : 0.0,
      "rightHipPitch" : -0.2792526803190927,
      "rightKneePitch" : 0.5061454830783556,
      "rightFootPitch" : -0.4363323129985824,
      "rightFootRoll" : 0.0,
      "delta" : 0.05
    },
    {
      "neckYaw" : 0.0,
      "neckPitch" : 0.0,
      "leftShoulderPitch" : 1.5707963267948966,
      "leftShoulderYaw" : 0.0,
      "leftArmRoll" : 0.0,
      "leftArmYaw" : 0.0,
      "leftHipYawpitch" : -0.0,
      "leftHipRoll" : 0.0,
      "leftHipPitch" : -0.49637163926718736,
      "leftKneePitch" : 0.8086110424489729,
      "leftFootPitch" : -0.4537856055185257,
      "leftFootRoll" : 0.0,
      "rightShoulderPitch" : 1.5707963267948966,