{
  "name" : "ForwardKickKungFu1",
  "speedRate" : 1,
  "interpolator" : "linear",
  "steps" : [
    {
      "neckYaw" : 0.0,
      "neckPitch" : 0.0,
      "leftShoulderPitch" : 1.5707963267948966,
      "leftShoulderYaw" : 0.0,
      "leftArmRoll" : 0.0,
      "leftArmYaw" : 0.0,
      "leftHipYawpitch" : -0.0,
      "leftHipRoll" : 0.0,
      "leftHipPitch" : -0.3665191429188092,
      "leftKneePitch" : 0.6108652381980153,
      "leftFootPitch" : -0.5061454830783556,
      "leftFootRoll" : 0.0,
      "rightShoulderPitch" : 1.5707963267948966,
      "rightShoulderYaw" : -0.0,
      "rightArmRoll" : 0.0,
      "rightArmYaw" : 0.0,
      "rightHipYawpitch" : 0.0,
      "rightHipRoll" : 0.0,
      "rightHipPitch" : -0.3665191429188092,
      "rightKneePitch" : 0.6108652381980153,
      "rightFootPitch" : -0.5061454830783556,
      "rightFootRoll" : 0.0,
      "delta" : 0.2
    },
    {
      "neckYaw" : 0.0,
      "neckPitch" : 0.0,
      "leftShoulderPitch" : 1.5707963267948966,
      "leftShoulderYaw" : 0.0,
      "leftArmRoll" : 0.0,
      "leftArmYaw" : 0.0,
      "leftHipYawpitch" : -0.0,
      "leftHipRoll" : -0.10471975511965978,
      "leftHipPitch" : -0.5147517016199396,
      "leftKneePitch" : 0.6108652381980153,
      "leftFootPitch" : -0.5061454830783556,
      "leftFootRoll" : 0.10471975511965978,
      "rightShoulderPitch" : 1.5707963267948966,
      "rightShoulderYaw" : -0.0,
      "rightArmRoll" : 0.0,
      "rightArmYaw" : 0.0,
      "rightHipYawpitch" : 0.0,
      "rightHipRoll" : -0.10471975511965978,
      "rightHipPitch" : -0.5181306590518006,
      "rightKneePitch" : 0.6108652381980153,
      "rightFootPitch" : -0.5061454830783556,
      "rightFootRoll" : 0.10471975511965978,
      "delta" : 0.1
    },
    {
      "neckYaw" : 0.0,
      "neckPitch" : 0.0,
      "leftShoulderPitch" : 1.5707963267948966,
      "leftShoulderYaw" : 0.0,
      "leftArmRoll" : 0.0,
      "leftArmYaw" : 0.0,
      "leftHipYawpitch" : -0.0,
      "leftHipRoll" : -0.10471975511965978,
      "leftHipPitch" : -0.15565945826714186,
      "leftKneePitch" : 1.0614272205881075,
      "leftFootPitch" : -0.5437468564833214,
      "leftFootRoll" : 0.10471975511965978,
      "rightShoulderPitch" : 1.5707963267948966,
      "rightShoulderYaw" : -0.0,
      "rightArmRoll" : 0.0,
      "rightArmYaw" : 0.0,
      "rightHipYawpitch" : 0.0,
      "rightHipRoll" : -0.10471975511965978,
      "rightHipPitch" : -1.0471975511965976,
      "rightKneePitch" : 1.3962634015954636,
      "rightFootPitch" : -0.4363323129985824,
      "rightFootRoll" : 0.10471975511965978,
      "delta" : 0.18625
    },
    {
      "neckYaw" : 0.0,
      "neckPitch" : 0.0,
      "leftShoulderPitch" : 1.5707963267948966,
      "leftShoulderYaw" : 0.0,
      "leftArmRoll" : 0.0,
      "leftArmYaw" : 0.0,
      "leftHipYawpitch" : -0.0,
      "leftHipRoll" : -0.10471975511965978,
      "leftHipPitch" : -0.3665191429188092,
      "leftKneePitch" : 1.5898762661776986,
      "leftFootPitch" : -1.0373940367881456,
      "leftFootRoll" : 0.10471975511965978,
      "rightShoulderPitch" : 1.5707963267948966,
      "rightShoulderYaw" : -0.0,
      "rightArmRoll" : 0.0,
      "rightArmYaw" : 0.0,
      "rightHipYawpitch" : 0.0,
      "rightHipRoll" : -0.10471975511965978,
      "rightHipPitch" : -1.140340537387779,
      "rightKneePitch" : 0.7231073623937706,
      "rightFootPitch" : 0.7182291671344465,
      "rightFootRoll" : 0.10471975511965978,
      "delta" : 0.00045
    },
    {
      "neckYaw" : 0.0,
      "neckPitch" : 0.0,
      "leftShoulderPitch" : 1.5707963267948966,
      "leftShoulderYaw" : 0.0,
      "leftArmRoll" : 0.0,
      "leftArmYaw" : 0.0,
      "leftHipYawpitch" : -0.0,
      "leftHipRoll" : -0.10471975511965978,
      "leftHipPitch" : -0.3665191429188092,
      "leftKneePitch" : 1.5898762661776986,
      "leftFootPitch" : -1.0373940367881456,
      "leftFootRoll" : 0.10471975511965978,
      "rightShoulderPitch" : 1.5707963267948966,
      "rightShoulderYaw" : -0.0,
      "rightArmRoll" : 0.0,
      "rightArmYaw" : 0.0,
      "rightHipYawpitch" : 0.0,
      "rightHipRoll" : -0.10471975511965978,
      "rightHipPitch" : -1.140340537387779,
      "rightKneePitch" : 0.7231073623937706,
      "rightFootPitch" : 0.7182291671344465,
      "rightFootRoll" : 0.10471975511965978,
      "delta" : 0.0
    },
    {
      "neckYaw" : 0.0,
      "neckPitch" : 0.0,
      "leftShoulderPitch" : 1.5707963267948966,
      "leftShoulderYaw" : 0.0,
      "leftArmRoll" : 0.0,
      "leftArmYaw" : 0.0,
      "leftHipYawpitch" : -0.0,
      "leftHipRoll" : 0.0,
      "leftHipPitch" : -0.49637163926718736,
      "leftKneePitch" : 0.8086110424489729,
      "leftFootPitch" : -0.5235987755982988,
      "leftFootRoll" : 0.0,
      "rightShoulderPitch" : 1.5707963267948966,
      "rightShoulderYaw" : 0.0,
      "rightArmRoll" : 0.0,
      "rightArmYaw" : 0.0,
      "rightHipYawpitch" : 0.0,
      "rightHipRoll" : 0.0,
      "rightHipPitch" : -0.49637163926718736,
      "rightKneePitch" : 0.8086110424489729,
      "rightFootPitch" : -0.5235987755982988,
      "rightFootRoll" : 0.0,
      "delta" : 0.35
    }
  ]
}