{
  "name" : "Kick6m",
  "speedRate" : 1,
  "interpolator" : "linear",
  "steps" : [
    {
      "neckYaw" : 0.0,
      "neckPitch" : 0.0,
      "leftShoulderPitch" : 1.5707963267948966,
      "leftShoulderYaw" : 0.0,
      "leftArmRoll" : 0.0,
      "leftArmYaw" : 0.0,
      "leftHipYawpitch" : -0.0,
      "leftHipRoll" : -0.19198621771937624,
      "leftHipPitch" : -0.2792526803190927,
      "leftKneePitch" : 0.5061454830783556,
      "leftFootPitch" : -0.4363323129985824,
      "leftFootRoll" : 0.19198621771937624,
      "rightShoulderPitch" : 1.5707963267948966,
      "rightShoulderYaw" : 0.0,
      "rightArmRoll" : 0.0,
      "rightArmYaw" : 0.0,
      "rightHipYawpitch" : 0.0,
      "rightHipRoll" : -0.19198621771937624,
      "rightHipPitch" : -0.2792526803190927,
      "rightKneePitch" : 0.5061454830783556,
      "rightFootPitch" : -0.4363323129985824,
      "rightFootRoll" : 0.19198621771937624,
      "delta" : 0.46
    },
    {
      "neckYaw" : 0.0,
      "neckPitch" : 0.0,
      "leftShoulderPitch" : 1.5707963267948966,
      "leftShoulderYaw" : 0.0,
      "leftArmRoll" : 0.0,
      "leftArmYaw" : 0.0,
      "leftHipYawpitch" : -0.0,
      "leftHipRoll" : -0.19198621771937624,
      "leftHipPitch" : -0.2792526803190927,
      "leftKneePitch" : 0.5061454830783556,
      "leftFootPitch" : -0.4363323129985824,
      "leftFootRoll" : 0.19198621771937624,
      "rightShoulderPitch" : 1.5707963267948966,
      "rightShoulderYaw" : 0.0,
      "rightArmRoll" : 0.0,
      "rightArmYaw" : 0.0,
      "rightHipYawpitch" : 0.0,
      "rightHipRoll" : -0.19198621771937624,
      "rightHipPitch" : -0.2792526803190927,
      "rightKneePitch" : 0.5061454830783556,
      "rightFootPitch" : -0.4363323129985824,
      "rightFootRoll" : 0.19198621771937624,
      "delta" : 0.24
    },
    {
      "neckYaw" : 0.0,
      "neckPitch" : 0.0,
      "leftShoulderPitch" : 1.5707963267948966,
      "leftShoulderYaw" : 0.0,
      "leftArmRoll" : 0.0,
      "leftArmYaw" : 0.0,
      "leftHipYawpitch" : -0.0,
      "leftHipRoll" : -0.19198621771937624,
      "leftHipPitch" : -0.2792526803190927,
      "leftKneePitch" : 0.5061454830783556,
      "leftFootPitch" : -0.4363323129985824,
      "leftFootRoll" : 0.19198621771937624,
      "rightShoulderPitch" : 1.5707963267948966,
      "rightShoulderYaw" : 0.0,
      "rightArmRoll" : 0.0,
      "rightArmYaw" : 0.0,
      "rightHipYawpitch" : 0.0,
      "rightHipRoll" : -0.19198621771937624,
      "rightHipPitch" : -0.3665191429188092,
      "rightKneePitch" : 0.6806784082777885,
      "rightFootPitch" : -0.6152983744980809,
      "rightFootRoll" : 0.19198621771937624,
      "delta" : 0.0648
    },
    {
      "neckYaw" : 0.0,
      "neckPitch" : 0.0,
      "leftShoulderPitch" : 1.5707963267948966,
      "leftShoulderYaw" : 0.0,
      "leftArmRoll" : 0.0,
      "leftArmYaw" : 0.0,
      "leftHipYawpitch" : 0.09609171996242581,
      "leftHipRoll" : -0.20943951023931956,
      "leftHipPitch" : -0.6245364022288868,
      "leftKneePitch" : 0.10006496200459089,
      "leftFootPitch" : -0.1234541193105669,
      "leftFootRoll" : 0.20943951023931956,
      "rightShoulderPitch" : 1.5707963267948966,
      "rightShoulderYaw" : 0.0,
      "rightArmRoll" : 0.0,
      "rightArmYaw" : 0.0,
      "rightHipYawpitch" : 0.0,
      "rightHipRoll" : -0.19198621771937624,
      "rightHipPitch" : 0.4046842576721692,
      "rightKneePitch" : 1.229018971352359,
      "rightFootPitch" : -1.304720882328361,
      "rightFootRoll" : 0.19198621771937624,
      "delta" : 0.39327
    },
    {
      "neckYaw" : 0.0,
      "neckPitch" : 0.0,
      "leftShoulderPitch" : -0.0,
      "leftShoulderYaw" : 0.0,
      "leftArmRoll" : 0.0,
      "leftArmYaw" : 0.0,
      "leftHipYawpitch" : -0.016601571844970065,
      "leftHipRoll" : -0.20943951023931956,
      "leftHipPitch" : 0.47044477322881156,
      "leftKneePitch" : 0.3349670807012557,
      "leftFootPitch" : -0.25973291796478815,
      "leftFootRoll" : 0.20943951023931956,
      "rightShoulderPitch" : -0.0,
      "rightShoulderYaw" : 0.0,
      "rightArmRoll" : 0.0,
      "rightArmYaw" : 0.0,
      "rightHipYawpitch" : 0.017453292519943295,
      "rightHipRoll" : -0.6776362993915623,
      "rightHipPitch" : -0.31985078404973283,
      "rightKneePitch" : 2.19147031538912,
      "rightFootPitch" : -1.0421343510365622,
      "rightFootRoll" : 0.19198621771937624,
      "delta" : 0.02
    },
    {
      "neckYaw" : 0.0,
      "neckPitch" : 0.0,
      "leftShoulderPitch" : -0.0,
      "leftShoulderYaw" : 0.0,
      "leftArmRoll" : 0.0,
      "leftArmYaw" : 0.0,
      "leftHipYawpitch" : -0.016601571844970065,
      "leftHipRoll" : -0.20943951023931956,
      "leftHipPitch" : 0.47044477322881156,
      "leftKneePitch" : 0.3349670807012557,
      "leftFootPitch" : -0.25973291796478815,
      "leftFootRoll" : 0.20943951023931956,
      "rightShoulderPitch" : -0.0,
      "rightShoulderYaw" : 0.0,
      "rightArmRoll" : 0.0,
      "rightArmYaw" : 0.0,
      "rightHipYawpitch" : 0.017453292519943295,
      "rightHipRoll" : -0.6776362993915623,
      "rightHipPitch" : -0.31985078404973283,
      "rightKneePitch" : 2.19147031538912,
      "rightFootPitch" : -1.0421343510365622,
      "rightFootRoll" : 0.19198621771937624,
      "delta" : 0.04
    },
    {
      "neckYaw" : 0.0,
      "neckPitch" : 0.0,
      "leftShoulderPitch" : -0.0,
      "leftShoulderYaw" : 0.0,
      "leftArmRoll" : 0.0,
      "leftArmYaw" : 0.0,
      "leftHipYawpitch" : -0.0,
      "leftHipRoll" : -0.20943951023931956,
      "leftHipPitch" : 0.3490658503988659,
      "leftKneePitch" : 0.3490658503988659,
      "leftFootPitch" : -0.18329273271519247,
      "leftFootRoll" : 0.22029545818672427,
      "rightShoulderPitch" : -0.0,
      "rightShoulderYaw" : 0.0,
      "rightArmRoll" : 0.0,
      "rightArmYaw" : 0.0,
      "rightHipYawpitch" : 0.017453292519943295,
      "rightHipRoll" : -0.19198621771937624,
      "rightHipPitch" : -1.5533430342749532,
      "rightKneePitch" : 0.017453292519943295,
      "rightFootPitch" : 0.7853981633974483,
      "rightFootRoll" : 0.19198621771937624,
      "delta" : 0.02
    },
    {
      "neckYaw" : 0.0,
      "neckPitch" : 0.0,
      "leftShoulderPitch" : -0.0,
      "leftShoulderYaw" : 0.0,
      "leftArmRoll" : 0.0,
      "leftArmYaw" : 0.0,
      "leftHipYawpitch" : -0.0,
      "leftHipRoll" : -0.20943951023931956,
      "leftHipPitch" : 0.3490658503988659,
      "leftKneePitch" : 0.3490658503988659,
      "leftFootPitch" : -0.18329273271519247,
      "leftFootRoll" : 0.22029545818672427,
      "rightShoulderPitch" : -0.0,
      "rightShoulderYaw" : 0.0,
      "rightArmRoll" : 0.0,
      "rightArmYaw" : 0.0,
      "rightHipYawpitch" : 0.017453292519943295,
      "rightHipRoll" : -0.19198621771937624,
      "rightHipPitch" : -1.5533430342749532,
      "rightKneePitch" : 0.017453292519943295,
      "rightFootPitch" : 0.7853981633974483,
      "rightFootRoll" : 0.19198621771937624,
      "delta" : 0.09765
    },
    {
      "neckYaw" : 0.0,
      "neckPitch" : 0.0,
      "leftShoulderPitch" : 1.5707963267948966,
      "leftShoulderYaw" : 0.0,
      "leftArmRoll" : 0.0,
      "leftArmYaw" : 0.0,
      "leftHipYawpitch" : -0.0,
      "leftHipRoll" : 0.0,
      "leftHipPitch" : -0.7853981633974483,
      "leftKneePitch" : 1.5707963267948966,
      "leftFootPitch" : -0.7853981633974483,
      "leftFootRoll" : 0.0,
      "rightShoulderPitch" : 1.5707963267948966,
      "rightShoulderYaw" : 0.0,
      "rightArmRoll" : 0.0,
      "rightArmYaw" : 0.0,
      "rightHipYawpitch" : 0.0,
      "rightHipRoll" : 0.0,
      "rightHipPitch" : -0.0,
      "rightKneePitch" : -0.0,
      "rightFootPitch" : -0.0,
      "rightFootRoll" : 0.0,
      "delta" : 0.0
    },
    {
      "neckYaw" : 0.0,
      "neckPitch" : 0.0,
      "leftShoulderPitch" : 1.5707963267948966,
      "leftShoulderYaw" : 0.0,
      "leftArmRoll" : 0.0,
      "leftArmYaw" : 0.0,
      "leftHipYawpitch" : -0.0,
      "leftHipRoll" : 0.0,