{
  "name" : "KickSideRightKungFu",
  "speedRate" : 1,
  "interpolator" : "linear",
  "steps" : [
    {
      "neckYaw" : 0.0,
      "neckPitch" : 0.0,
      "leftShoulderPitch" : 1.5707963267948966,
      "leftShoulderYaw" : 0.0,
      "leftArmRoll" : -0.3146462122202857,
      "leftArmYaw" : -0.12248441437815885,
      "leftHipYawpitch" : -0.0,
      "leftHipRoll" : 0.0,
      "leftHipPitch" : -0.5029445492301979,
      "leftKneePitch" : 0.8086110424489729,
      "leftFootPitch" : -0.44681126982755637,
      "leftFootRoll" : 0.0,
      "rightShoulderPitch" : 1.5707963267948966,
      "rightShoulderYaw" : -0.6981317007977318,
      "rightArmRoll" : 0.12978983902823152,
      "rightArmYaw" : 0.07276871063510038,
      "rightHipYawpitch" : -0.024630959068769973,
      "rightHipRoll" : 0.0,
      "rightHipPitch" : -0.6507285583135658,
      "rightKneePitch" : 0.8086110424489729,
      "rightFootPitch" : -0.4396327306141037,
      "rightFootRoll" : 0.0,
      "delta" : 0.4
    },
    {
      "neckYaw" : 0.0,
      "neckPitch" : 0.0,
      "leftShoulderPitch" : 1.5707963267948966,
      "leftShoulderYaw" : 0.0,
      "leftArmRoll" : -0.3146462122202857,
      "leftArmYaw" : -0.12248441437815885,
      "leftHipYawpitch" : -0.0,
      "leftHipRoll" : 0.0,
      "leftHipPitch" : -0.5029445492301979,
      "leftKneePitch" : 0.8086110424489729,
      "leftFootPitch" : -0.44681126982755637,
      "leftFootRoll" : 0.0,
      "rightShoulderPitch" : 1.5707963267948966,
      "rightShoulderYaw" : -0.6981317007977318,
      "rightArmRoll" : 0.12978983902823152,
      "rightArmYaw" : 0.07276871063510038,
      "rightHipYawpitch" : -0.024630959068769973,
      "rightHipRoll" : 0.0,
      "rightHipPitch" : -0.6507285583135658,
      "rightKneePitch" : 0.8086110424489729,
      "rightFootPitch" : -0.4396327306141037,
      "rightFootRoll" : 0.0,
      "delta" : 0.07
    },
    {
      "neckYaw" : 0.0,
      "neckPitch" : 0.0,
      "leftShoulderPitch" : 1.5707963267948966,
      "leftShoulderYaw" : 0.6548614979822884,
      "leftArmRoll" : -0.3146462122202857,
      "leftArmYaw" : -0.12248441437815885,
      "leftHipYawpitch" : -0.0,
      "leftHipRoll" : 0.0,
      "leftHipPitch" : -0.5029445492301979,
      "leftKneePitch" : 0.8086110424489729,
      "leftFootPitch" : -0.44681126982755637,
      "leftFootRoll" : 0.4096078314920452,
      "rightShoulderPitch" : 1.6159706838242658,
      "rightShoulderYaw" : -0.17453292519943295,
      "rightArmRoll" : 0.12978983902823152,
      "rightArmYaw" : 0.07276871063510038,
      "rightHipYawpitch" : -0.024630959068769973,
      "rightHipRoll" : -0.6981317007977318,
      "rightHipPitch" : -0.6108652381980153,
      "rightKneePitch" : 1.2217304763960306,
      "rightFootPitch" : -0.6108652381980153,
      "rightFootRoll" : 0.31657829170224344,
      "delta" : 0.02156
    },
    {
      "neckYaw" : 0.0,
      "neckPitch" : 0.0,
      "leftShoulderPitch" : 1.5707963267948966,
      "leftShoulderYaw" : 0.6548614979822884,
      "leftArmRoll" : -0.3146462122202857,
      "leftArmYaw" : -0.12248441437815885,
      "leftHipYawpitch" : -0.0,
      "leftHipRoll" : 0.0,
      "leftHipPitch" : -0.5235987755982988,
      "leftKneePitch" : 1.2217304763960306,
      "leftFootPitch" : -0.6981317007977318,
      "leftFootRoll" : -0.08299808538103914,
      "rightShoulderPitch" : 1.6159706838242658,
      "rightShoulderYaw" : -0.17453292519943295,
      "rightArmRoll" : 0.12978983902823152,
      "rightArmYaw" : 0.07276871063510038,
      "rightHipYawpitch" : -0.024630959068769973,
      "rightHipRoll" : -0.6981317007977318,
      "rightHipPitch" : -0.6108652381980153,
      "rightKneePitch" : 1.2217304763960306,
      "rightFootPitch" : -0.6108652381980153,
      "rightFootRoll" : 0.31657829170224344,
      "delta" : 0.05
    }
  ]
}