{
  "name" : "Kick20RightRPF",
  "speedRate" : 1,
  "interpolator" : "linear",
  "steps" : [
    {
      "neckYaw" : 0.0,
      "neckPitch" : 0.0,
      "leftShoulderPitch" : 0.8726646259971648,
      "leftShoulderYaw" : 0.0,
      "leftArmRoll" : 0.0,
      "leftArmYaw" : 0.0,
      "leftHipYawpitch" : 0.8726646259971648,
      "leftHipRoll" : -0.20943951023931956,
      "leftHipPitch" : -0.0,
      "leftKneePitch" : -0.0,
      "leftFootPitch" : -0.0,
      "leftFootRoll" : 0.20943951023931956,
      "rightShoulderPitch" : 0.8726646259971648,
      "rightShoulderYaw" : 0.0,
      "rightArmRoll" : 0.0,
      "rightArmYaw" : 0.0,
      "rightHipYawpitch" : 0.0,
      "rightHipRoll" : -0.20943951023931956,
      "rightHipPitch" : 0.6981317007977318,
      "rightKneePitch" : 2.6179938779914944,
      "rightFootPitch" : 0.8726646259971648,
      "rightFootRoll" : 0.20943951023931956,
      "delta" : 0.5
    },
    {
      "neckYaw" : 0.0,
      "neckPitch" : 0.0,
      "leftShoulderPitch" : 0.8726646259971648,
      "leftShoulderYaw" : 0.0,
      "leftArmRoll" : 0.0,
      "leftArmYaw" : 0.0,
      "leftHipYawpitch" : 0.8726646259971648,
      "leftHipRoll" : -0.20943951023931956,
      "leftHipPitch" : -0.0,
      "leftKneePitch" : -0.0,
      "leftFootPitch" : -0.0,
      "leftFootRoll" : 0.20943951023931956,
      "rightShoulderPitch" : 0.8726646259971648,
      "rightShoulderYaw" : 0.0,
      "rightArmRoll" : 0.0,
      "rightArmYaw" : 0.0,
      "rightHipYawpitch" : 0.0,
      "rightHipRoll" : -0.20943951023931956,
      "rightHipPitch" : 0.6981317007977318,
      "rightKneePitch" : 2.6179938779914944,
      "rightFootPitch" : 0.8726646259971648,
      "rightFootRoll" : 0.20943951023931956,
      "delta" : 0.1
    },
    {
      "neckYaw" : 0.0,
      "neckPitch" : 0.0,
      "leftShoulderPitch" : 2.0943951023931953,
      "leftShoulderYaw" : 0.0,
      "leftArmRoll" : 0.0,
      "leftArmYaw" : 0.0,
      "leftHipYawpitch" : -0.0,
      "leftHipRoll" : -0.20943951023931956,
      "leftHipPitch" : 0.17453292519943295,
      "leftKneePitch" : 0.5235987755982988,
      "leftFootPitch" : 0.17453292519943295,
      "leftFootRoll" : 0.20943951023931956,
      "rightShoulderPitch" : 2.0943951023931953,
      "rightShoulderYaw" : 0.0,
      "rightArmRoll" : 0.0,
      "rightArmYaw" : 0.0,
      "rightHipYawpitch" : 0.0,
      "rightHipRoll" : -0.20943951023931956,
      "rightHipPitch" : -1.5707963267948966,
      "rightKneePitch" : -0.0,
      "rightFootPitch" : 0.17453292519943295,
      "rightFootRoll" : 0.20943951023931956,
      "delta" : 0.102
    },
    {
      "neckYaw" : 0.0,
      "neckPitch" : 0.0,
      "leftShoulderPitch" : 2.6179938779914944,
      "leftShoulderYaw" : 0.0,
      "leftArmRoll" : 0.0,
      "leftArmYaw" : 0.0,
      "leftHipYawpitch" : -0.0,
      "leftHipRoll" : -0.20943951023931956,
      "leftHipPitch" : 0.5235987755982988,
      "leftKneePitch" : 1.0471975511965976,
      "leftFootPitch" : 0.5235987755982988,
      "leftFootRoll" : 0.20943951023931956,
      "rightShoulderPitch" : 2.6179938779914944,
      "rightShoulderYaw" : 0.0,
      "rightArmRoll" : 0.0,
      "rightArmYaw" : 0.0,
      "rightHipYawpitch" : -0.6981317007977318,
      "rightHipRoll" : -0.20943951023931956,
      "rightHipPitch" : -1.5707963267948966,
      "rightKneePitch" : -0.0,
      "rightFootPitch" : -0.6981317007977318,
      "rightFootRoll" : 0.20943951023931956,
      "delta" : 0.04
    },
    {
      "neckYaw" : 0.0,
      "neckPitch" : 0.0,
      "leftShoulderPitch" : 2.6179938779914944,
      "leftShoulderYaw" : 0.0,
      "leftArmRoll" : 0.0,
      "leftArmYaw" : 0.0,
      "leftHipYawpitch" : -0.0,
      "leftHipRoll" : -0.20943951023931956,
      "leftHipPitch" : 0.5235987755982988,
      "leftKneePitch" : 1.0471975511965976,
      "leftFootPitch" : 0.5235987755982988,
      "leftFootRoll" : 0.20943951023931956,
      "rightShoulderPitch" : 2.6179938779914944,
      "rightShoulderYaw" : 0.0,
      "rightArmRoll" : 0.0,
      "rightArmYaw" : 0.0,
      "rightHipYawpitch" : -0.6981317007977318,
      "rightHipRoll" : -0.20943951023931956,
      "rightHipPitch" : -1.5707963267948966,
      "rightKneePitch" : -0.0,
      "rightFootPitch" : -0.6981317007977318,
      "rightFootRoll" : 0.20943951023931956,
      "delta" : 0.5
    }
  ]
}