{
  "name" : "ThreeMeterKickLeftOptimized",
  "speedRate" : 1,
  "interpolator" : "linear",
  "steps" : [
    {
      "neckYaw" : 0.0,
      "neckPitch" : 0.0,
      "leftShoulderPitch" : 1.5707963267948966,
      "leftShoulderYaw" : 0.17453292519943295,
      "leftArmRoll" : 0.0,
      "leftArmYaw" : 0.0,
      "leftHipYawpitch" : -0.0,
      "leftHipRoll" : 0.0,
      "leftHipPitch" : -0.2792526803190927,
      "leftKneePitch" : 0.5061454830783556,
      "leftFootPitch" : -0.4363323129985824,
      "leftFootRoll" : 0.0,
      "rightShoulderPitch" : 1.5707963267948966,
      "rightShoulderYaw" : -0.17453292519943295,
      "rightArmRoll" : 0.0,
      "rightArmYaw" : 0.0,
      "rightHipYawpitch" : 0.0,
      "rightHipRoll" : 0.0,
      "rightHipPitch" : -0.2792526803190927,
      "rightKneePitch" : 0.5061454830783556,
      "rightFootPitch" : -0.4363323129985824,
      "rightFootRoll" : 0.0,
      "delta" : 0.4
    },
    {
      "neckYaw" : 0.0,
      "neckPitch" : 0.0,
      "leftShoulderPitch" : 1.5707963267948966,
      "leftShoulderYaw" : 0.17453292519943295,
      "leftArmRoll" : 0.0,
      "leftArmYaw" : 0.0,
      "leftHipYawpitch" : -0.0,
      "leftHipRoll" : 0.0,
      "leftHipPitch" : -0.2792526803190927,
      "leftKneePitch" : 0.5061454830783556,
      "leftFootPitch" : -0.4363323129985824,
      "leftFootRoll" : 0.0,
      "rightShoulderPitch" : 1.5707963267948966,
      "rightShoulderYaw" : -0.17453292519943295,
      "rightArmRoll" : 0.0,
      "rightArmYaw" : 0.0,
      "rightHipYawpitch" : 0.0,
      "rightHipRoll" : 0.0,
      "rightHipPitch" : -0.2792526803190927,
      "rightKneePitch" : 0.5061454830783556,
      "rightFootPitch" : -0.4363323129985824,
      "rightFootRoll" : 0.0,
      "delta" : 0.07
    },
    {
      "neckYaw" : 0.0,
      "neckPitch" : 0.0,
      "leftShoulderPitch" : 1.5707963267948966,
      "leftShoulderYaw" : 0.17453292519943295,
      "leftArmRoll" : 0.0,
      "leftArmYaw" : 0.0,
      "leftHipYawpitch" : -0.0,
      "leftHipRoll" : 0.19198621771937624,
      "leftHipPitch" : -0.2792526803190927,
      "leftKneePitch" : 0.5061454830783556,
      "leftFootPitch" : -0.4363323129985824,
      "leftFootRoll" : -0.19198621771937624,
      "rightShoulderPitch" : 1.5707963267948966,
      "rightShoulderYaw" : -0.17453292519943295,
      "rightArmRoll" : 0.0,
      "rightArmYaw" : 0.0,
      "rightHipYawpitch" : 0.0,
      "rightHipRoll" : 0.19198621771937624,
      "rightHipPitch" : -0.2792526803190927,
      "rightKneePitch" : 0.5061454830783556,
      "rightFootPitch" : -0.4363323129985824,
      "rightFootRoll" : -0.19198621771937624,
      "delta" : 0.4
    },
    {
      "neckYaw" : 0.0,
      "neckPitch" : 0.0,
      "leftShoulderPitch" : 1.5707963267948966,
      "leftShoulderYaw" : 0.17453292519943295,
      "leftArmRoll" : 0.0,
      "leftArmYaw" : 0.0,
      "leftHipYawpitch" : -0.0,
      "leftHipRoll" : 0.19198621771937624,
      "leftHipPitch" : -0.3665191429188092,
      "leftKneePitch" : 0.6806784082777885,
      "leftFootPitch" : -0.5235987755982988,
      "leftFootRoll" : -0.19198621771937624,
      "rightShoulderPitch" : 1.5707963267948966,
      "rightShoulderYaw" : -0.17453292519943295,
      "rightArmRoll" : 0.0,
      "rightArmYaw" : 0.0,
      "rightHipYawpitch" : 0.0,
      "rightHipRoll" : 0.19198621771937624,
      "rightHipPitch" : -0.2792526803190927,
      "rightKneePitch" : 0.5061454830783556,
      "rightFootPitch" : -0.4363323129985824,
      "rightFootRoll" : -0.19198621771937624,
      "delta" : 0.2
    },
    {
      "neckYaw" : 0.0,
      "neckPitch" : 0.0,
      "leftShoulderPitch" : 1.2217304763960306,
      "leftShoulderYaw" : 0.17453292519943295,
      "leftArmRoll" : 0.0,
      "leftArmYaw" : 0.0,
      "leftHipYawpitch" : -0.0,
      "leftHipRoll" : 0.082674152271869,
      "leftHipPitch" : 0.03548149649549352,
      "leftKneePitch" : 1.229018971352359,
      "leftFootPitch" : -1.2937218173822926,
      "leftFootRoll" : -0.3214913935466075,
      "rightShoulderPitch" : 2.1045703719323225,
      "rightShoulderYaw" : -0.17453292519943295,
      "rightArmRoll" : 0.0,
      "rightArmYaw" : 0.0,
      "rightHipYawpitch" : -0.019099836136274747,
      "rightHipRoll" : 0.20943951023931956,
      "rightHipPitch" : -0.5438288869581651,
      "rightKneePitch" : 0.002303136480931717,
      "rightFootPitch" : -0.18329273271519247,
      "rightFootRoll" : -0.20943951023931956,
      "delta" : 0.4
    },
    {
      "neckYaw" : 0.0,
      "neckPitch" : 0.0,
      "leftShoulderPitch" : 1.5707963267948966,
      "leftShoulderYaw" : 0.17453292519943295,
      "leftArmRoll" : 0.0,
      "leftArmYaw" : 0.0,
      "leftHipYawpitch" : -0.0,
      "leftHipRoll" : 0.19198621771937624,
      "leftHipPitch" : -0.25701369499018095,
      "leftKneePitch" : 2.0943951023931953,
      "leftFootPitch" : -0.9589938467885603,
      "leftFootRoll" : -0.6909147643407353,
      "rightShoulderPitch" : 1.7175348836563198,
      "rightShoulderYaw" : -0.17453292519943295,
      "rightArmRoll" : 0.0,
      "rightArmYaw" : 0.0,
      "rightHipYawpitch" : -0.016601571844970065,
      "rightHipRoll" : 0.20943951023931956,
      "rightHipPitch" : -0.044965964716681114,
      "rightKneePitch" : 0.3684058438402151,
      "rightFootPitch" : -0.17943380973903303,
      "rightFootRoll" : -0.20943951023931956,
      "delta" : 0.08
    },
    {
      "neckYaw" : 0.0,
      "neckPitch" : 0.0,
      "leftShoulderPitch" : 1.5707963267948966,
      "leftShoulderYaw" : 0.17453292519943295,
      "leftArmRoll" : 0.0,
      "leftArmYaw" : 0.0,
      "leftHipYawpitch" : -0.0,
      "leftHipRoll" : 0.19198621771937624,
      "leftHipPitch" : -0.25701369499018095,
      "leftKneePitch" : 2.0943951023931953,
      "leftFootPitch" : -0.9589938467885603,
      "leftFootRoll" : -0.6909147643407353,
      "rightShoulderPitch" : 1.7175348836563198,
      "rightShoulderYaw" : -0.17453292519943295,
      "rightArmRoll" : 0.0,
      "rightArmYaw" : 0.0,
      "rightHipYawpitch" : -0.016601571844970065,
      "rightHipRoll" : 0.20943951023931956,
      "rightHipPitch" : -0.044965964716681114,
      "rightKneePitch" : 0.3684058438402151,
      "rightFootPitch" : -0.17943380973903303,
      "rightFootRoll" : -0.20943951023931956,
      "delta" : 0.021
    },
    {
      "neckYaw" : 0.0,
      "neckPitch" : 0.0,
      "leftShoulderPitch" : 1.9198621771937625,
      "leftShoulderYaw" : 0.17453292519943295,
      "leftArmRoll" : 0.0,
      "leftArmYaw" : 0.0,
      "leftHipYawpitch" : 0.017453292519943295,
      "leftHipRoll" : 0.10993427532584324,
      "leftHipPitch" : -1.0297442586766545,
      "leftKneePitch" : -0.0034376004947280314,
      "leftFootPitch" : 0.6825354386019105,
      "leftFootRoll" : -0.19198621771937624,
      "rightShoulderPitch" : 1.2217304763960306,
      "rightShoulderYaw" : -0.17453292519943295,
      "rightArmRoll" : 0.0,
      "rightArmYaw" : 0.0,
      "rightHipYawpitch" : 0.0,
      "rightHipRoll" : 0.20943951023931956,
      "rightHipPitch" : -0.0,
      "rightKneePitch" : 0.3490658503988659,
      "rightFootPitch" : -0.18329273271519247,
      "rightFootRoll" : -0.22029545818672427,
      "delta" : 0.02
    },
    {
      "neckYaw" : 0.0,
      "neckPitch" : 0.0,
      "leftShoulderPitch" : 1.9198621771937625,
      "leftShoulderYaw" : 0.17453292519943295,
      "leftArmRoll" : 0.0,
      "leftArmYaw" : 0.0,
      "leftHipYawpitch" : 0.017453292519943295,
      "leftHipRoll" : 0.10993427532584324,
      "leftHipPitch" : -1.0297442586766545,
      "leftKneePitch" : -0.0034376004947280314,
      "leftFootPitch" : 0.6825354386019105,
      "leftFootRoll" : -0.19198621771937624,
      "rightShoulderPitch" : 1.2217304763960306,
      "rightShoulderYaw" : -0.17453292519943295,
      "rightArmRoll" : 0.0,
      "rightArmYaw" : 0.0,
      "rightHipYawpitch" : 0.0,
      "rightHipRoll" : 0.20943951023931956,
      "rightHipPitch" : -0.0,
      "rightKneePitch" : 0.3490658503988659,