{
  "name" : "FootUp",
  "speedRate" : 1,
  "interpolator" : "linear",
  "steps" : [
    {
      "neckYaw" : 0.0,
      "neckPitch" : 0.0,
      "leftShoulderPitch" : 0.0,
      "leftShoulderYaw" : 0.0,
      "leftArmRoll" : 0.0,
      "leftArmYaw" : 0.0,
      "leftHipYawpitch" : 0.0,
      "leftHipRoll" : -0.19198621771937624,
      "leftHipPitch" : -0.13962634015954636,
      "leftKneePitch" : 0.2530727415391778,
      "leftFootPitch" : -0.2181661564992912,
      "leftFootRoll" : 0.19198621771937624,
      "rightShoulderPitch" : 0.0,
      "rightShoulderYaw" : 0.0,
      "rightArmRoll" : 0.0,
      "rightArmYaw" : 0.0,
      "rightHipYawpitch" : 0.0,
      "rightHipRoll" : -0.19198621771937624,
      "rightHipPitch" : -0.13962634015954636,
      "rightKneePitch" : 0.2530727415391778,
      "rightFootPitch" : -0.2181661564992912,
      "rightFootRoll" : 0.19198621771937624,
      "delta" : 1.0
    },
    {
      "neckYaw" : 0.0,
      "neckPitch" : 0.0,
      "leftShoulderPitch" : 0.0,
      "leftShoulderYaw" : 0.0,
      "leftArmRoll" : 0.0,
      "leftArmYaw" : 0.0,
      "leftHipYawpitch" : 0.0,
      "leftHipRoll" : -0.19198621771937624,
      "leftHipPitch" : -0.0,
      "leftKneePitch" : -0.0,
      "leftFootPitch" : -0.0,
      "leftFootRoll" : 0.19198621771937624,
      "rightShoulderPitch" : 0.0,
      "rightShoulderYaw" : 0.0,
      "rightArmRoll" : 0.0,
      "rightArmYaw" : 0.0,
      "rightHipYawpitch" : 0.0,
      "rightHipRoll" : -0.19198621771937624,
      "rightHipPitch" : -0.3490658503988659,
      "rightKneePitch" : 0.6981317007977318,
      "rightFootPitch" : -0.3490658503988659,
      "rightFootRoll" : 0.19198621771937624,
      "delta" : 0.35
    },
    {
      "neckYaw" : 0.0,
      "neckPitch" : 0.0,
      "leftShoulderPitch" : 0.0,
      "leftShoulderYaw" : 0.0,
      "leftArmRoll" : 0.0,
      "leftArmYaw" : 0.0,
      "leftHipYawpitch" : 0.0,
      "leftHipRoll" : -0.19198621771937624,
      "leftHipPitch" : -0.0,
      "leftKneePitch" : -0.0,
      "leftFootPitch" : -0.0,
      "leftFootRoll" : 0.19198621771937624,
      "rightShoulderPitch" : 0.0,
      "rightShoulderYaw" : 0.0,
      "rightArmRoll" : 0.0,
      "rightArmYaw" : 0.0,
      "rightHipYawpitch" : 0.0,
      "rightHipRoll" : -0.19198621771937624,
      "rightHipPitch" : -0.3490658503988659,
      "rightKneePitch" : 0.6981317007977318,
      "rightFootPitch" : -0.3490658503988659,
      "rightFootRoll" : 0.19198621771937624,
      "delta" : 100.0
    }
  ]
}